trip_id,duration,start_time,end_time,start_station_id,start_lat,start_lon,end_station_id,end_lat,end_lon,bike_id,plan_duration,trip_route_category,passholder_type
33463211,612,7/1/2017 1:01,7/1/2017 11:13,3018,34.043732,-118.260139,3000,,,6342,0,One Way,Walk-up
33607327,1440,7/1/2017 10:12,7/2/2017 13:35,3022,34.04607,-118.233093,3000,,,5812,0,One Way,Walk-up
33473985,126,7/1/2017 11:44,7/1/2017 13:50,3062,34.047748999999996,-118.243172,3000,,,6244,365,One Way,Flex Pass
33607106,1358,7/1/2017 15:01,7/2/2017 13:39,3049,34.056969,-118.253593,3000,,,6651,0,One Way,Walk-up
33857473,1440,7/1/2017 16:20,7/4/2017 13:37,3068,34.0532,-118.25095400000001,3000,,,5788,365,One Way,Flex Pass
33741681,1440,7/1/2017 16:47,7/3/2017 14:14,3031,34.044701,-118.25244099999999,3000,,,6058,0,One Way,Walk-up
33507645,87,7/1/2017 17:43,7/1/2017 19:10,3031,34.044701,-118.25244099999999,3000,,,5777,0,One Way,Walk-up
33629785,1293,7/1/2017 19:58,7/2/2017 17:31,3056,34.037459999999996,-118.265381,3000,,,6417,30,One Way,Monthly Pass
33612495,993,7/1/2017 21:36,7/2/2017 14:09,3046,34.053020000000004,-118.247948,3000,,,6300,0,One Way,Walk-up
33612410,422,7/2/2017 7:13,7/2/2017 14:15,3055,34.044159,-118.251579,3000,,,6301,0,One Way,Walk-up
33606720,196,7/2/2017 9:58,7/2/2017 13:14,3035,34.048401,-118.260948,3000,,,5745,0,One Way,Walk-up
33652690,194,7/2/2017 18:34,7/2/2017 21:48,3031,34.044701,-118.25244099999999,3000,,,5861,0,One Way,Walk-up
33652688,184,7/2/2017 18:36,7/2/2017 21:40,3062,34.047748999999996,-118.243172,3000,,,5819,0,One Way,Walk-up
33699497,53,7/3/2017 5:40,7/3/2017 6:33,3042,34.049301,-118.238808,3000,,,5900,30,One Way,Monthly Pass
33779010,288,7/3/2017 16:16,7/3/2017 21:04,3068,34.0532,-118.25095400000001,3000,,,5794,30,One Way,Monthly Pass
33832182,985,7/3/2017 16:30,7/4/2017 8:55,3010,34.037048,-118.25486799999999,3000,,,6232,30,One Way,Monthly Pass
33832180,983,7/3/2017 16:32,7/4/2017 8:55,3010,34.037048,-118.25486799999999,3000,,,6515,30,One Way,Monthly Pass
33756738,28,7/3/2017 16:42,7/3/2017 17:10,3048,34.041691,-118.235352,3000,,,6500,30,One Way,Monthly Pass
33851265,1102,7/3/2017 17:51,7/4/2017 12:13,3069,34.05088,-118.248253,3000,,,6417,30,One Way,Monthly Pass
33836826,914,7/3/2017 18:30,7/4/2017 9:44,3076,34.0406,-118.25383799999999,3000,,,6353,0,One Way,Walk-up
33836824,912,7/3/2017 18:32,7/4/2017 9:44,3076,34.0406,-118.25383799999999,3000,,,5857,0,One Way,Walk-up
33966737,1440,7/4/2017 10:27,7/5/2017 13:10,3069,34.05088,-118.248253,3000,,,5806,0,One Way,Walk-up
33891326,458,7/4/2017 13:07,7/4/2017 20:45,3011,34.041129999999995,-118.267982,3000,,,6017,365,One Way,Flex Pass
33875747,187,7/4/2017 14:52,7/4/2017 17:59,3026,34.063179,-118.24588,3000,,,6069,0,One Way,Walk-up
33896415,253,7/4/2017 16:47,7/4/2017 21:00,3031,34.044701,-118.25244099999999,3000,,,5999,30,One Way,Monthly Pass
33942365,905,7/4/2017 17:18,7/5/2017 8:23,3027,34.04998,-118.24716200000002,3000,,,5750,30,One Way,Monthly Pass
33891043,82,7/4/2017 19:17,7/4/2017 20:39,3048,34.041691,-118.235352,3000,,,6494,365,One Way,Flex Pass
33956369,235,7/5/2017 7:05,7/5/2017 11:00,3052,34.051102,-118.26455700000001,3000,,,5870,30,One Way,Monthly Pass
33956300,182,7/5/2017 8:29,7/5/2017 11:31,3025,34.03286,-118.268082,3000,,,6497,30,One Way,Monthly Pass
33960817,6,7/5/2017 12:26,7/5/2017 12:32,3034,34.042061,-118.26338200000001,3000,,,6360,30,One Way,Monthly Pass
33960816,3,7/5/2017 12:27,7/5/2017 12:30,3034,34.042061,-118.26338200000001,3000,,,5959,30,One Way,Monthly Pass
33960810,3,7/5/2017 12:32,7/5/2017 12:35,3034,34.042061,-118.26338200000001,3000,,,5951,30,One Way,Monthly Pass
33996437,277,7/5/2017 15:20,7/5/2017 19:57,3018,34.043732,-118.260139,3000,,,6010,0,One Way,Walk-up
34066805,1116,7/5/2017 16:06,7/6/2017 10:42,3007,34.05048,-118.254593,3000,,,6623,30,One Way,Monthly Pass
34071250,843,7/5/2017 21:10,7/6/2017 11:13,3064,34.04681,-118.25698100000001,3000,,,6683,30,One Way,Monthly Pass
34061928,630,7/5/2017 23:24,7/6/2017 9:54,3020,34.031052,-118.26709,3000,,,6678,30,One Way,Monthly Pass
34057283,42,7/6/2017 7:29,7/6/2017 8:11,3022,34.04607,-118.233093,3000,,,6531,30,One Way,Monthly Pass
34169164,1278,7/6/2017 11:31,7/7/2017 8:49,3006,34.04554,-118.25666799999999,3000,,,5958,0,One Way,Walk-up
34205449,1440,7/6/2017 12:50,7/7/2017 16:50,3067,34.045181,-118.25023700000001,3000,,,6098,30,One Way,Monthly Pass
34104692,35,7/6/2017 17:27,7/6/2017 18:02,3014,34.05661,-118.23721299999998,3000,,,5904,30,One Way,Monthly Pass
34104684,36,7/6/2017 17:29,7/6/2017 18:05,3032,34.049889,-118.255882,3000,,,6168,0,One Way,Walk-up
34104671,70,7/6/2017 17:43,7/6/2017 18:53,3076,34.0406,-118.25383799999999,3000,,,6693,30,One Way,Monthly Pass
34104662,16,7/6/2017 17:50,7/6/2017 18:06,3029,34.048851,-118.246422,3000,,,4728,365,One Way,Flex Pass
34104664,22,7/6/2017 17:50,7/6/2017 18:12,3007,34.05048,-118.254593,3000,,,6008,0,One Way,Walk-up
34104659,22,7/6/2017 17:51,7/6/2017 18:13,3067,34.045181,-118.25023700000001,3000,,,6359,30,One Way,Monthly Pass
34104660,21,7/6/2017 17:51,7/6/2017 18:12,3029,34.048851,-118.246422,3000,,,6603,365,One Way,Flex Pass
34104658,20,7/6/2017 17:52,7/6/2017 18:12,3005,34.0485,-118.25853700000002,3000,,,5729,30,One Way,Monthly Pass
34104644,42,7/6/2017 18:07,7/6/2017 18:49,3022,34.04607,-118.233093,3000,,,6194,365,One Way,Flex Pass
34104637,28,7/6/2017 18:09,7/6/2017 18:37,3049,34.056969,-118.253593,3000,,,5788,30,One Way,Monthly Pass
34104638,7,7/6/2017 18:09,7/6/2017 18:16,3082,34.04652,-118.23741100000001,3000,,,6153,30,One Way,Monthly Pass
34104639,16,7/6/2017 18:09,7/6/2017 18:25,3064,34.04681,-118.25698100000001,3000,,,6360,30,One Way,Monthly Pass
34104640,16,7/6/2017 18:09,7/6/2017 18:25,3064,34.04681,-118.25698100000001,3000,,,5887,0,One Way,Walk-up
34104632,18,7/6/2017 18:15,7/6/2017 18:33,3042,34.049301,-118.238808,3000,,,6482,30,One Way,Monthly Pass
34104625,10,7/6/2017 18:18,7/6/2017 18:28,3031,34.044701,-118.25244099999999,3000,,,6580,30,One Way,Monthly Pass
34104626,14,7/6/2017 18:18,7/6/2017 18:32,3031,34.044701,-118.25244099999999,3000,,,6207,30,One Way,Monthly Pass
34104624,13,7/6/2017 18:20,7/6/2017 18:33,3042,34.049301,-118.238808,3000,,,6224,0,One Way,Walk-up
34104619,20,7/6/2017 18:22,7/6/2017 18:42,3005,34.0485,-118.25853700000002,3000,,,6322,0,One Way,Walk-up
34104620,10,7/6/2017 18:22,7/6/2017 18:32,3082,34.04652,-118.23741100000001,3000,,,6553,365,One Way,Flex Pass
34104622,13,7/6/2017 18:22,7/6/2017 18:35,3005,34.0485,-118.25853700000002,3000,,,5994,30,One Way,Monthly Pass
34104617,9,7/6/2017 18:23,7/6/2017 18:32,3082,34.04652,-118.23741100000001,3000,,,6323,365,One Way,Flex Pass
34104612,17,7/6/2017 18:25,7/6/2017 18:42,3076,34.0406,-118.25383799999999,3000,,,6633,30,One Way,Monthly Pass
34104613,16,7/6/2017 18:25,7/6/2017 18:41,3076,34.0406,-118.25383799999999,3000,,,6561,0,One Way,Walk-up
34104609,23,7/6/2017 18:27,7/6/2017 18:50,3047,34.039982,-118.266403,3000,,,6252,30,One Way,Monthly Pass
34104611,23,7/6/2017 18:27,7/6/2017 18:50,3047,34.039982,-118.266403,3000,,,5863,30,One Way,Monthly Pass
34104602,13,7/6/2017 18:31,7/6/2017 18:44,3064,34.04681,-118.25698100000001,3000,,,6223,30,One Way,Monthly Pass
34164430,757,7/6/2017 18:34,7/7/2017 7:11,3046,34.053020000000004,-118.247948,3000,,,6110,30,One Way,Monthly Pass
34104589,10,7/6/2017 18:49,7/6/2017 18:59,3000,,,3036,34.039188,-118.232529,6360,365,One Way,Flex Pass
34109662,10,7/6/2017 18:50,7/6/2017 19:00,3019,34.038609,-118.260857,3000,,,6053,30,One Way,Monthly Pass
34109652,17,7/6/2017 18:57,7/6/2017 19:14,3006,34.04554,-118.25666799999999,3000,,,5961,30,One Way,Monthly Pass
34109653,17,7/6/2017 18:57,7/6/2017 19:14,3006,34.04554,-118.25666799999999,3000,,,6320,30,One Way,Monthly Pass
34109640,14,7/6/2017 19:11,7/6/2017 19:25,3000,,,3042,34.049301,-118.238808,6153,30,One Way,Monthly Pass
34177635,924,7/6/2017 19:14,7/7/2017 10:38,3000,,,3000,,,6008,30,One Way,Monthly Pass
34109634,15,7/6/2017 19:20,7/6/2017 19:35,3000,,,3030,34.051941,-118.24353,6133,365,One Way,Flex Pass
34109633,14,7/6/2017 19:21,7/6/2017 19:35,3000,,,3030,34.051941,-118.24353,5729,365,One Way,Flex Pass
34109628,17,7/6/2017 19:23,7/6/2017 19:40,3000,,,3005,34.0485,-118.25853700000002,6603,365,One Way,Flex Pass
34109625,3,7/6/2017 19:29,7/6/2017 19:32,3000,,,3082,34.04652,-118.23741100000001,5904,30,One Way,Monthly Pass
34109619,13,7/6/2017 19:39,7/6/2017 19:52,3000,,,3027,34.04998,-118.24716200000002,6275,30,One Way,Monthly Pass
34114742,8,7/6/2017 19:52,7/6/2017 20:00,3000,,,3077,34.039871000000005,-118.25003799999999,6668,30,One Way,Monthly Pass
34114740,26,7/6/2017 19:53,7/6/2017 20:19,3000,,,3064,34.04681,-118.25698100000001,6066,30,One Way,Monthly Pass
34114737,25,7/6/2017 19:54,7/6/2017 20:19,3000,,,3064,34.04681,-118.25698100000001,6266,30,One Way,Monthly Pass
34114727,13,7/6/2017 20:04,7/6/2017 20:17,3000,,,3031,34.044701,-118.25244099999999,6269,30,One Way,Monthly Pass
34114726,12,7/6/2017 20:05,7/6/2017 20:17,3000,,,3031,34.044701,-118.25244099999999,6561,30,One Way,Monthly Pass
34114723,21,7/6/2017 20:08,7/6/2017 20:29,3000,,,3058,34.035801,-118.23317,6590,30,One Way,Monthly Pass
34114720,5,7/6/2017 20:13,7/6/2017 20:18,3000,,,3082,34.04652,-118.23741100000001,6465,30,One Way,Monthly Pass
34114716,14,7/6/2017 20:16,7/6/2017 20:30,3000,,,3051,34.045421999999995,-118.25351699999999,6207,30,One Way,Monthly Pass
34114710,10,7/6/2017 20:21,7/6/2017 20:31,3000,,,3023,34.050911,-118.240967,6359,30,One Way,Monthly Pass
34214268,365,7/7/2017 11:59,7/7/2017 18:04,3005,34.0485,-118.25853700000002,3000,,,6291,30,One Way,Monthly Pass
34272924,1058,7/7/2017 14:12,7/8/2017 7:50,3042,34.049301,-118.238808,3000,,,6281,0,One Way,Walk-up
34214144,241,7/7/2017 14:45,7/7/2017 18:46,3042,34.049301,-118.238808,3000,,,5904,0,One Way,Walk-up
34321861,283,7/8/2017 13:26,7/8/2017 18:09,3069,34.05088,-118.248253,3000,,,6036,0,One Way,Walk-up
34487769,1440,7/9/2017 2:24,7/10/2017 9:17,3062,34.047748999999996,-118.243172,3000,,,6110,0,One Way,Walk-up
34492265,1440,7/9/2017 3:57,7/10/2017 10:33,3027,34.04998,-118.24716200000002,3000,,,6046,0,One Way,Walk-up
34374765,11,7/9/2017 7:31,7/9/2017 7:42,3049,34.056969,-118.253593,3000,,,6249,30,One Way,Monthly Pass
34391843,38,7/9/2017 10:31,7/9/2017 11:09,3065,34.060558,-118.238327,3000,,,6404,0,One Way,Walk-up
34391842,37,7/9/2017 10:32,7/9/2017 11:09,3065,34.060558,-118.238327,3000,,,6360,0,One Way,Walk-up
34404931,16,7/9/2017 13:49,7/9/2017 14:05,3005,34.0485,-118.25853700000002,3000,,,6437,0,One Way,Walk-up
34606378,1440,7/9/2017 21:31,7/11/2017 10:56,3082,34.04652,-118.23741100000001,3000,,,5904,0,One Way,Walk-up
34482836,22,7/10/2017 8:03,7/10/2017 8:25,3022,34.04607,-118.233093,3000,,,6685,30,One Way,Monthly Pass
34653659,1440,7/10/2017 12:06,7/11/2017 19:44,3058,34.035801,-118.23317,3000,,,5848,30,One Way,Monthly Pass
34539695,183,7/10/2017 17:18,7/10/2017 20:21,3038,34.046822,-118.248352,3000,,,6295,0,One Way,Walk-up
34539691,182,7/10/2017 17:23,7/10/2017 20:25,3063,34.049198,-118.252831,3000,,,6706,30,One Way,Monthly Pass
34620649,1205,7/10/2017 17:45,7/11/2017 13:50,3076,34.0406,-118.25383799999999,3000,,,5926,0,One Way,Walk-up
34591148,797,7/10/2017 17:59,7/11/2017 7:16,3074,34.04417,-118.261169,3000,,,6646,30,One Way,Monthly Pass
34539571,12,7/10/2017 20:06,7/10/2017 20:18,3000,,,3075,34.04211,-118.25618700000001,6120,30,One Way,Monthly Pass
34630648,220,7/11/2017 11:31,7/11/2017 15:11,3005,34.0485,-118.25853700000002,3000,,,6201,0,One Way,Walk-up
34630636,217,7/11/2017 11:39,7/11/2017 15:16,3023,34.050911,-118.240967,3000,,,6522,365,One Way,Flex Pass
34719099,1189,7/11/2017 15:55,7/12/2017 11:44,3055,34.044159,-118.251579,3000,,,6494,0,One Way,Walk-up
34635595,11,7/11/2017 16:41,7/11/2017 16:52,3062,34.047748999999996,-118.243172,3000,,,6098,30,One Way,Monthly Pass
34657815,184,7/11/2017 17:07,7/11/2017 20:11,3067,34.045181,-118.25023700000001,3000,,,5916,0,One Way,Walk-up
34724052,987,7/11/2017 20:04,7/12/2017 12:31,3063,34.049198,-118.252831,3000,,,6683,30,One Way,Monthly Pass
34734570,952,7/11/2017 22:57,7/12/2017 14:49,3064,34.04681,-118.25698100000001,3000,,,6297,30,One Way,Monthly Pass
34734314,307,7/12/2017 9:44,7/12/2017 14:51,3074,34.04417,-118.261169,3000,,,6633,0,One Way,Walk-up
35084465,1440,7/12/2017 12:57,7/15/2017 7:41,3064,34.04681,-118.25698100000001,3000,,,6128,30,One Way,Monthly Pass
34750245,184,7/12/2017 14:51,7/12/2017 17:55,3063,34.049198,-118.252831,3000,,,5849,30,One Way,Monthly Pass
35101180,1440,7/12/2017 17:34,7/15/2017 10:05,3076,34.0406,-118.25383799999999,3000,,,6193,0,One Way,Walk-up
34761130,13,7/12/2017 18:57,7/12/2017 19:10,3074,34.04417,-118.261169,3000,,,5823,30,One Way,Monthly Pass
34853676,183,7/13/2017 10:26,7/13/2017 13:29,3037,34.034801,-118.231277,3000,,,5726,30,One Way,Monthly Pass
34864303,186,7/13/2017 12:00,7/13/2017 15:06,3082,34.04652,-118.23741100000001,3000,,,6133,30,One Way,Monthly Pass
34864161,34,7/13/2017 14:44,7/13/2017 15:18,3036,34.039188,-118.232529,3000,,,6101,0,One Way,Walk-up
34869531,18,7/13/2017 15:57,7/13/2017 16:15,3032,34.049889,-118.255882,3000,,,5752,30,One Way,Monthly Pass
34880442,20,7/13/2017 17:40,7/13/2017 18:00,3032,34.049889,-118.255882,3000,,,6209,365,One Way,Flex Pass
34897305,203,7/13/2017 17:52,7/13/2017 21:15,3005,34.0485,-118.25853700000002,3000,,,5917,30,One Way,Monthly Pass
34969341,393,7/14/2017 4:45,7/14/2017 11:18,3051,34.045421999999995,-118.25351699999999,3000,,,6556,30,One Way,Monthly Pass
34996541,181,7/14/2017 13:53,7/14/2017 16:54,3051,34.045421999999995,-118.25351699999999,3000,,,6626,0,One Way,Walk-up
35249772,1440,7/14/2017 19:55,7/16/2017 11:21,3074,34.04417,-118.261169,3000,,,6009,0,One Way,Walk-up
35104945,939,7/14/2017 20:10,7/15/2017 11:49,4151,34.142361,-118.14151000000001,3000,,,6339,0,One Way,Walk-up
35110716,961,7/14/2017 20:13,7/15/2017 12:14,4169,34.146961,-118.139839,3000,,,6338,0,One Way,Walk-up
35025458,17,7/14/2017 21:04,7/14/2017 21:21,3049,34.056969,-118.253593,3000,,,6102,30,One Way,Monthly Pass
35025455,7,7/14/2017 21:08,7/14/2017 21:15,3079,34.05014,-118.23323799999999,3000,,,5724,30,One Way,Monthly Pass
35087734,13,7/15/2017 8:11,7/15/2017 8:24,3000,,,3042,34.049301,-118.238808,5900,30,One Way,Monthly Pass
35093370,15,7/15/2017 9:05,7/15/2017 9:20,4165,34.14175,-118.14906299999998,3000,,,6689,30,One Way,Monthly Pass
35104695,7,7/15/2017 10:57,7/15/2017 11:04,3018,34.043732,-118.260139,3000,,,6447,30,One Way,Monthly Pass
35128151,211,7/15/2017 11:55,7/15/2017 15:26,3075,34.04211,-118.25618700000001,3000,,,6199,0,One Way,Walk-up
35110413,12,7/15/2017 12:17,7/15/2017 12:29,3000,,,3000,,,6455,30,One Way,Monthly Pass
35110414,13,7/15/2017 12:17,7/15/2017 12:30,3000,,,3000,,,6209,365,One Way,Flex Pass
35110384,9,7/15/2017 12:42,7/15/2017 12:51,3000,,,3075,34.04211,-118.25618700000001,6209,365,One Way,Flex Pass
35110383,13,7/15/2017 12:44,7/15/2017 12:57,3000,,,3035,34.048401,-118.260948,6447,30,One Way,Monthly Pass
35116203,14,7/15/2017 13:06,7/15/2017 13:20,3025,34.03286,-118.268082,3000,,,6515,0,One Way,Walk-up
35116200,12,7/15/2017 13:10,7/15/2017 13:22,3018,34.043732,-118.260139,3000,,,6104,30,One Way,Monthly Pass
35116201,12,7/15/2017 13:10,7/15/2017 13:22,3018,34.043732,-118.260139,3000,,,6122,30,One Way,Monthly Pass
35116198,11,7/15/2017 13:11,7/15/2017 13:22,3018,34.043732,-118.260139,3000,,,5941,30,One Way,Monthly Pass
35116196,10,7/15/2017 13:12,7/15/2017 13:22,3000,,,3018,34.043732,-118.260139,5986,30,One Way,Monthly Pass
35116193,9,7/15/2017 13:13,7/15/2017 13:22,3000,,,3018,34.043732,-118.260139,6455,30,One Way,Monthly Pass
35116184,14,7/15/2017 13:21,7/15/2017 13:35,3000,,,3076,34.0406,-118.25383799999999,6221,30,One Way,Monthly Pass
35116171,10,7/15/2017 13:29,7/15/2017 13:39,3000,,,3018,34.043732,-118.260139,5980,30,One Way,Monthly Pass
35116169,7,7/15/2017 13:31,7/15/2017 13:38,3018,34.043732,-118.260139,3000,,,5924,365,One Way,Flex Pass
35116168,6,7/15/2017 13:32,7/15/2017 13:38,3018,34.043732,-118.260139,3000,,,6398,365,One Way,Flex Pass
35122082,11,7/15/2017 13:51,7/15/2017 14:02,3000,,,3018,34.043732,-118.260139,6007,30,One Way,Monthly Pass
35122080,10,7/15/2017 13:52,7/15/2017 14:02,3000,,,3018,34.043732,-118.260139,6075,30,One Way,Monthly Pass
35152448,342,7/15/2017 13:54,7/15/2017 19:36,3000,,,3006,34.04554,-118.25666799999999,6398,30,One Way,Monthly Pass
35122076,10,7/15/2017 13:55,7/15/2017 14:05,3000,,,3006,34.04554,-118.25666799999999,5924,30,One Way,Monthly Pass
35122074,9,7/15/2017 13:56,7/15/2017 14:05,3000,,,3006,34.04554,-118.25666799999999,5941,30,One Way,Monthly Pass
35122065,16,7/15/2017 14:01,7/15/2017 14:17,3000,,,3018,34.043732,-118.260139,6577,30,One Way,Monthly Pass
35140119,203,7/15/2017 14:07,7/15/2017 17:30,4165,34.14175,-118.14906299999998,3000,,,6638,0,One Way,Walk-up
35249236,1230,7/15/2017 15:08,7/16/2017 11:38,4142,34.144588,-118.14459199999999,3000,,,12015,0,One Way,Walk-up
35248912,876,7/15/2017 21:10,7/16/2017 11:46,3048,34.041691,-118.235352,3000,,,5796,0,One Way,Walk-up
35267732,990,7/15/2017 21:58,7/16/2017 14:28,4155,34.147812,-118.132217,3000,,,6640,0,One Way,Walk-up
35385261,1440,7/15/2017 23:42,7/17/2017 9:47,3006,34.04554,-118.25666799999999,3000,,,6647,0,One Way,Walk-up
35254971,654,7/16/2017 1:54,7/16/2017 12:48,3031,34.044701,-118.25244099999999,3000,,,5805,0,One Way,Walk-up
35261264,644,7/16/2017 2:23,7/16/2017 13:07,3052,34.051102,-118.26455700000001,3000,,,5750,30,One Way,Monthly Pass
35242532,24,7/16/2017 9:59,7/16/2017 10:23,4147,34.145247999999995,-118.15007,3000,,,6000,30,One Way,Monthly Pass
35260951,18,7/16/2017 13:06,7/16/2017 13:24,3031,34.044701,-118.25244099999999,3000,,,6634,365,One Way,Flex Pass
35260920,24,7/16/2017 13:32,7/16/2017 13:56,3076,34.0406,-118.25383799999999,3000,,,6542,30,One Way,Monthly Pass
35267235,25,7/16/2017 14:05,7/16/2017 14:30,3022,34.04607,-118.233093,3000,,,5893,30,One Way,Monthly Pass
35267234,25,7/16/2017 14:06,7/16/2017 14:31,3022,34.04607,-118.233093,3000,,,5879,0,One Way,Walk-up
35267206,7,7/16/2017 14:48,7/16/2017 14:55,3000,,,3054,34.039219,-118.236488,6104,30,One Way,Monthly Pass
35299773,189,7/16/2017 16:08,7/16/2017 19:17,3068,34.0532,-118.25095400000001,3000,,,6236,0,One Way,Walk-up
35279979,22,7/16/2017 16:13,7/16/2017 16:35,3000,,,3022,34.04607,-118.233093,5879,30,One Way,Monthly Pass
35279978,20,7/16/2017 16:15,7/16/2017 16:35,3000,,,3022,34.04607,-118.233093,6307,30,One Way,Monthly Pass
35286414,25,7/16/2017 17:35,7/16/2017 18:00,3005,34.0485,-118.25853700000002,3000,,,5922,30,One Way,Monthly Pass
35447108,1230,7/16/2017 23:01,7/17/2017 19:31,4169,34.146961,-118.139839,3000,,,6638,0,One Way,Walk-up
35408541,298,7/17/2017 8:28,7/17/2017 13:26,3022,34.04607,-118.233093,3000,,,6042,30,One Way,Monthly Pass
35408333,65,7/17/2017 12:03,7/17/2017 13:08,3005,34.0485,-118.25853700000002,3000,,,6585,30,One Way,Monthly Pass
35420803,191,7/17/2017 12:35,7/17/2017 15:46,3064,34.04681,-118.25698100000001,3000,,,6494,30,One Way,Monthly Pass
35446614,310,7/17/2017 14:20,7/17/2017 19:30,4166,34.145908,-118.12175,3000,,,12099,0,One Way,Walk-up
35433462,192,7/17/2017 14:34,7/17/2017 17:46,3057,34.035678999999995,-118.27081299999999,3000,,,6527,0,One Way,Walk-up
35518185,907,7/17/2017 16:24,7/18/2017 7:31,3019,34.038609,-118.260857,3000,,,5830,30,One Way,Monthly Pass
35433298,15,7/17/2017 17:19,7/17/2017 17:34,4169,34.146961,-118.139839,3000,,,6627,30,One Way,Monthly Pass
35459811,217,7/17/2017 17:44,7/17/2017 21:21,3064,34.04681,-118.25698100000001,3000,,,6069,30,One Way,Monthly Pass
35439780,15,7/17/2017 17:45,7/17/2017 18:00,3000,,,3062,34.047748999999996,-118.243172,6569,30,One Way,Monthly Pass
35535324,920,7/17/2017 19:29,7/18/2017 10:49,4138,34.145691,-118.14823899999999,3000,,,6062,0,One Way,Walk-up
35572443,1175,7/17/2017 21:03,7/18/2017 16:38,3024,34.05772,-118.24897,3000,,,5912,0,One Way,Walk-up
35541211,841,7/17/2017 21:06,7/18/2017 11:07,3020,34.031052,-118.26709,3000,,,5722,0,One Way,Walk-up
35541207,840,7/17/2017 21:07,7/18/2017 11:07,3020,34.031052,-118.26709,3000,,,6544,0,One Way,Walk-up
35523452,545,7/17/2017 23:11,7/18/2017 8:16,3064,34.04681,-118.25698100000001,3000,,,5978,30,One Way,Monthly Pass
35517690,97,7/18/2017 6:02,7/18/2017 7:39,3042,34.049301,-118.238808,3000,,,6216,30,One Way,Monthly Pass
35517674,40,7/18/2017 6:57,7/18/2017 7:37,3052,34.051102,-118.26455700000001,3000,,,5967,30,One Way,Monthly Pass
35559566,423,7/18/2017 7:48,7/18/2017 14:51,3068,34.0532,-118.25095400000001,3000,,,5960,30,One Way,Monthly Pass
35540963,183,7/18/2017 8:43,7/18/2017 11:46,3063,34.049198,-118.252831,3000,,,6179,30,One Way,Monthly Pass
35565583,213,7/18/2017 11:33,7/18/2017 15:06,4149,34.13821,-118.147079,3000,,,12422,30,One Way,Monthly Pass
35705534,1440,7/18/2017 11:50,7/19/2017 13:09,3058,34.035801,-118.23317,3000,,,5857,0,One Way,Walk-up
35712054,1440,7/18/2017 12:21,7/19/2017 14:26,3022,34.04607,-118.233093,3000,,,6078,0,One Way,Walk-up
35711955,1440,7/18/2017 13:34,7/19/2017 14:26,3048,34.041691,-118.235352,3000,,,5874,0,One Way,Walk-up
35584737,117,7/18/2017 16:10,7/18/2017 18:07,3082,34.04652,-118.23741100000001,3000,,,5832,365,One Way,Flex Pass
35698299,1062,7/18/2017 19:16,7/19/2017 12:58,3011,34.041129999999995,-118.267982,3000,,,6074,0,One Way,Walk-up
35846411,1440,7/18/2017 20:21,7/20/2017 10:36,3011,34.041129999999995,-118.267982,3000,,,6417,0,One Way,Walk-up
35672653,526,7/18/2017 23:40,7/19/2017 8:26,3033,34.040989,-118.255798,3000,,,6158,30,One Way,Monthly Pass
35666462,12,7/19/2017 6:55,7/19/2017 7:07,4157,34.140999,-118.13208799999998,3000,,,6471,30,One Way,Monthly Pass
35724490,490,7/19/2017 8:32,7/19/2017 16:42,3022,34.04607,-118.233093,3000,,,5863,365,One Way,Flex Pass
35731200,438,7/19/2017 10:01,7/19/2017 17:19,3032,34.049889,-118.255882,3000,,,5924,30,One Way,Monthly Pass
35723944,28,7/19/2017 16:07,7/19/2017 16:35,3000,,,3045,34.028511,-118.25666799999999,6394,30,One Way,Monthly Pass
35730708,19,7/19/2017 16:51,7/19/2017 17:10,3048,34.041691,-118.235352,3000,,,5744,30,One Way,Monthly Pass
35852277,1018,7/19/2017 18:19,7/20/2017 11:17,3042,34.049301,-118.238808,3000,,,5891,0,One Way,Walk-up
35910722,1440,7/19/2017 18:49,7/20/2017 19:19,3035,34.048401,-118.260948,3000,,,6035,365,One Way,Flex Pass
35852122,913,7/19/2017 19:50,7/20/2017 11:03,4153,34.156181,-118.16668700000001,3000,,,12267,0,One Way,Walk-up
35758685,64,7/19/2017 20:03,7/19/2017 21:07,3051,34.045421999999995,-118.25351699999999,3000,,,5990,0,One Way,Walk-up
35852071,936,7/19/2017 20:18,7/20/2017 11:54,4165,34.14175,-118.14906299999998,3000,,,12293,0,One Way,Walk-up
35872904,198,7/20/2017 11:12,7/20/2017 14:30,4177,34.144981,-118.13826,3000,,,12357,0,One Way,Walk-up
35925065,406,7/20/2017 14:51,7/20/2017 21:37,3014,34.05661,-118.23721299999998,3000,,,6290,0,One Way,Walk-up
35894388,17,7/20/2017 17:21,7/20/2017 17:38,4170,34.160709000000004,-118.132401,3000,,,6721,30,One Way,Monthly Pass
36191509,1440,7/21/2017 3:48,7/22/2017 10:50,3034,34.042061,-118.26338200000001,3000,,,5735,0,One Way,Walk-up
36014339,185,7/21/2017 7:19,7/21/2017 10:24,4151,34.142361,-118.14151000000001,3000,,,12221,365,One Way,Flex Pass
36007325,93,7/21/2017 8:22,7/21/2017 9:55,4162,34.147498999999996,-118.14801000000001,3000,,,6350,365,One Way,Flex Pass
36014202,55,7/21/2017 9:06,7/21/2017 10:01,3014,34.05661,-118.23721299999998,3000,,,6726,30,One Way,Monthly Pass
36244220,1440,7/21/2017 9:15,7/22/2017 17:09,3064,34.04681,-118.25698100000001,3000,,,5949,30,One Way,Monthly Pass
36021171,46,7/21/2017 10:35,7/21/2017 11:21,4159,34.145901,-118.11653899999999,3000,,,6358,30,One Way,Monthly Pass
36049807,27,7/21/2017 15:15,7/21/2017 15:42,4148,34.14967,-118.14511100000001,3000,,,6336,30,One Way,Monthly Pass
36049808,29,7/21/2017 15:15,7/21/2017 15:44,4148,34.14967,-118.14511100000001,3000,,,6111,30,One Way,Monthly Pass
36072597,193,7/21/2017 15:26,7/21/2017 18:39,3077,34.039871000000005,-118.25003799999999,3000,,,6603,30,One Way,Monthly Pass
36080314,190,7/21/2017 15:57,7/21/2017 19:07,3037,34.034801,-118.231277,3000,,,6565,30,One Way,Monthly Pass
36103811,310,7/21/2017 17:02,7/21/2017 22:12,3064,34.04681,-118.25698100000001,3000,,,5750,30,One Way,Monthly Pass
36377108,1440,7/21/2017 18:05,7/23/2017 11:27,4170,34.160709000000004,-118.132401,3000,,,12193,30,One Way,Monthly Pass
36197795,914,7/21/2017 19:50,7/22/2017 11:04,4180,34.137951,-118.128502,3000,,,12219,0,One Way,Walk-up
36197666,764,7/21/2017 22:31,7/22/2017 11:15,3045,34.028511,-118.25666799999999,3000,,,6355,365,One Way,Flex Pass
36197629,652,7/22/2017 0:18,7/22/2017 11:10,3008,34.046611999999996,-118.26273300000001,3000,,,5848,0,One Way,Walk-up
36197597,582,7/22/2017 1:33,7/22/2017 11:15,3047,34.039982,-118.266403,3000,,,6604,0,One Way,Walk-up
36258776,720,7/22/2017 7:53,7/22/2017 19:53,3014,34.05661,-118.23721299999998,3000,,,6228,0,One Way,Walk-up
36190213,183,7/22/2017 7:54,7/22/2017 10:57,4153,34.156181,-118.16668700000001,3000,,,6352,0,One Way,Walk-up
36235344,459,7/22/2017 8:38,7/22/2017 16:17,4150,34.154270000000004,-118.142151,3000,,,6156,0,One Way,Walk-up
36235285,390,7/22/2017 9:38,7/22/2017 16:08,4152,34.149712,-118.160172,3000,,,12425,0,One Way,Walk-up
36235220,312,7/22/2017 11:12,7/22/2017 16:24,4167,34.143822,-118.154099,3000,,,6261,0,One Way,Walk-up
36235180,284,7/22/2017 11:45,7/22/2017 16:29,4158,34.13525,-118.13237,3000,,,12339,0,One Way,Walk-up
36250642,349,7/22/2017 12:51,7/22/2017 18:40,3067,34.045181,-118.25023700000001,3000,,,6306,0,One Way,Walk-up
36242778,241,7/22/2017 13:35,7/22/2017 17:36,4165,34.14175,-118.14906299999998,3000,,,6496,30,One Way,Monthly Pass
36227336,97,7/22/2017 14:10,7/22/2017 15:47,3007,34.05048,-118.254593,3000,,,5854,0,One Way,Walk-up
36219726,27,7/22/2017 14:11,7/22/2017 14:38,3064,34.04681,-118.25698100000001,3000,,,5805,30,One Way,Monthly Pass
36376364,1278,7/22/2017 14:19,7/23/2017 11:37,3046,34.053020000000004,-118.247948,3000,,,6019,0,One Way,Walk-up
36250495,184,7/22/2017 15:15,7/22/2017 18:19,4176,34.137859000000006,-118.12241399999999,3000,,,12184,0,One Way,Walk-up
36250491,182,7/22/2017 15:17,7/22/2017 18:19,4176,34.137859000000006,-118.12241399999999,3000,,,12187,0,One Way,Walk-up
36250475,192,7/22/2017 15:45,7/22/2017 18:57,4181,34.146221000000004,-118.13526200000001,3000,,,12015,30,One Way,Monthly Pass
36274043,185,7/22/2017 18:14,7/22/2017 21:19,3052,34.051102,-118.26455700000001,3000,,,5863,30,One Way,Monthly Pass
36250297,19,7/22/2017 18:40,7/22/2017 18:59,3031,34.044701,-118.25244099999999,3000,,,5850,30,One Way,Monthly Pass
36383556,1077,7/22/2017 18:53,7/23/2017 12:50,3082,34.04652,-118.23741100000001,3000,,,5759,0,One Way,Walk-up
36383549,1073,7/22/2017 18:58,7/23/2017 12:51,3082,34.04652,-118.23741100000001,3000,,,5795,0,One Way,Walk-up
36383538,1012,7/22/2017 19:13,7/23/2017 12:05,4138,34.145691,-118.14823899999999,3000,,,12177,0,One Way,Walk-up
36383510,994,7/22/2017 19:35,7/23/2017 12:09,4183,34.146069,-118.129181,3000,,,6526,0,One Way,Walk-up
36398489,769,7/23/2017 1:53,7/23/2017 14:42,3006,34.04554,-118.25666799999999,3000,,,6246,365,One Way,Flex Pass
36383040,7,7/23/2017 12:17,7/23/2017 12:24,3035,34.048401,-118.260948,3000,,,6236,365,One Way,Flex Pass
36413506,195,7/23/2017 13:23,7/23/2017 16:38,3074,34.04417,-118.261169,3000,,,5978,0,One Way,Walk-up
36421220,205,7/23/2017 14:19,7/23/2017 17:44,3047,34.039982,-118.266403,3000,,,5787,0,One Way,Walk-up
36554892,1097,7/23/2017 17:30,7/24/2017 11:47,3067,34.045181,-118.25023700000001,3000,,,6090,0,One Way,Walk-up
36554857,1077,7/23/2017 17:55,7/24/2017 11:52,3031,34.044701,-118.25244099999999,3000,,,6603,30,One Way,Monthly Pass
36540059,847,7/23/2017 19:25,7/24/2017 9:32,4159,34.145901,-118.11653899999999,3000,,,6027,30,One Way,Monthly Pass
36569637,1073,7/23/2017 20:01,7/24/2017 13:54,3082,34.04652,-118.23741100000001,3000,,,6440,0,One Way,Walk-up
37440736,1073,7/23/2017 20:01,7/24/2017 13:54,3082,34.04652,-118.23741100000001,3000,,,6440,0,One Way,Walk-up
36577091,1006,7/23/2017 21:19,7/24/2017 14:05,3069,34.05088,-118.248253,3000,,,5972,30,One Way,Monthly Pass
36577037,872,7/24/2017 0:03,7/24/2017 14:35,4166,34.145908,-118.12175,3000,,,5740,0,One Way,Walk-up
36525308,12,7/24/2017 7:33,7/24/2017 7:45,4147,34.145247999999995,-118.15007,3000,,,6077,30,One Way,Monthly Pass
36532516,23,7/24/2017 7:45,7/24/2017 8:08,3052,34.051102,-118.26455700000001,3000,,,6427,30,One Way,Monthly Pass
37440509,23,7/24/2017 7:45,7/24/2017 8:08,3052,34.051102,-118.26455700000001,3000,,,6427,30,One Way,Monthly Pass
36576764,243,7/24/2017 10:40,7/24/2017 14:43,3032,34.049889,-118.255882,3000,,,6110,0,One Way,Walk-up
36722302,1427,7/24/2017 10:46,7/25/2017 10:33,3032,34.049889,-118.255882,3000,,,6466,0,One Way,Walk-up
36561638,10,7/24/2017 12:25,7/24/2017 12:35,3037,34.034801,-118.231277,3000,,,6151,30,One Way,Monthly Pass
37440221,10,7/24/2017 12:25,7/24/2017 12:35,3037,34.034801,-118.231277,3000,,,6151,30,One Way,Monthly Pass
36599603,245,7/24/2017 13:09,7/24/2017 17:14,4167,34.143822,-118.154099,3000,,,12401,30,One Way,Monthly Pass
36599564,183,7/24/2017 14:02,7/24/2017 17:05,3069,34.05088,-118.248253,3000,,,5725,0,One Way,Walk-up
36599547,181,7/24/2017 14:25,7/24/2017 17:26,4181,34.146221000000004,-118.13526200000001,3000,,,12344,30,One Way,Monthly Pass
36615152,190,7/24/2017 16:22,7/24/2017 19:32,3082,34.04652,-118.23741100000001,3000,,,6239,0,One Way,Walk-up
36622988,183,7/24/2017 17:53,7/24/2017 20:56,4151,34.142361,-118.14151000000001,3000,,,5736,0,One Way,Walk-up
36700876,740,7/24/2017 18:49,7/25/2017 7:09,4151,34.142361,-118.14151000000001,3000,,,12365,0,One Way,Walk-up
36700875,739,7/24/2017 18:50,7/25/2017 7:09,4151,34.142361,-118.14151000000001,3000,,,6560,0,One Way,Walk-up
36721795,934,7/24/2017 19:04,7/25/2017 10:38,3028,34.058319,-118.246094,3000,,,6703,0,One Way,Walk-up
36614930,13,7/24/2017 19:23,7/24/2017 19:36,3068,34.0532,-118.25095400000001,3000,,,6157,30,One Way,Monthly Pass
36721722,873,7/24/2017 20:12,7/25/2017 10:45,3024,34.05772,-118.24897,3000,,,5770,0,One Way,Walk-up
36721588,713,7/24/2017 22:59,7/25/2017 10:52,4151,34.142361,-118.14151000000001,3000,,,6720,0,One Way,Walk-up
36728470,182,7/25/2017 8:57,7/25/2017 11:59,3014,34.05661,-118.23721299999998,3000,,,5835,30,One Way,Monthly Pass
36891599,1399,7/25/2017 11:13,7/26/2017 10:32,3068,34.0532,-118.25095400000001,3000,,,5802,0,One Way,Walk-up
36795095,495,7/25/2017 12:17,7/25/2017 20:32,3038,34.046822,-118.248352,3000,,,5754,30,One Way,Monthly Pass
36764720,213,7/25/2017 12:32,7/25/2017 16:05,3005,34.0485,-118.25853700000002,3000,,,6369,30,One Way,Monthly Pass
36757256,129,7/25/2017 13:40,7/25/2017 15:49,3064,34.04681,-118.25698100000001,3000,,,6693,365,One Way,Flex Pass
36757189,22,7/25/2017 15:09,7/25/2017 15:31,3048,34.041691,-118.235352,3000,,,6003,365,One Way,Flex Pass
36779392,7,7/25/2017 18:40,7/25/2017 18:47,3019,34.038609,-118.260857,3000,,,5847,30,One Way,Monthly Pass
36802327,48,7/25/2017 20:26,7/25/2017 21:14,3022,34.04607,-118.233093,3000,,,6010,30,One Way,Monthly Pass
36870520,489,7/25/2017 23:03,7/26/2017 7:12,4177,34.144981,-118.13826,3000,,,5813,30,One Way,Monthly Pass
36877232,509,7/26/2017 0:16,7/26/2017 8:45,3038,34.046822,-118.248352,3000,,,6369,30,One Way,Monthly Pass
36890853,584,7/26/2017 0:59,7/26/2017 10:43,3069,34.05088,-118.248253,3000,,,6478,0,One Way,Walk-up
36877164,36,7/26/2017 7:35,7/26/2017 8:11,3022,34.04607,-118.233093,3000,,,6354,0,One Way,Walk-up
36877081,10,7/26/2017 8:48,7/26/2017 8:58,3075,34.04211,-118.25618700000001,3000,,,6505,30,One Way,Monthly Pass
37438312,10,7/26/2017 8:48,7/26/2017 8:58,3075,34.04211,-118.25618700000001,3000,,,6505,30,One Way,Monthly Pass
36904650,181,7/26/2017 9:06,7/26/2017 12:07,3069,34.05088,-118.248253,3000,,,6134,0,One Way,Walk-up
36933049,218,7/26/2017 12:32,7/26/2017 16:10,3031,34.044701,-118.25244099999999,3000,,,6097,30,One Way,Monthly Pass
36932963,161,7/26/2017 13:34,7/26/2017 16:15,3052,34.051102,-118.26455700000001,3000,,,6101,30,One Way,Monthly Pass
36940224,186,7/26/2017 14:23,7/26/2017 17:29,3022,34.04607,-118.233093,3000,,,6646,30,One Way,Monthly Pass
36947597,205,7/26/2017 15:03,7/26/2017 18:28,3028,34.058319,-118.246094,3000,,,6547,0,One Way,Walk-up
36932884,63,7/26/2017 15:41,7/26/2017 16:44,3055,34.044159,-118.251579,3000,,,6157,30,One Way,Monthly Pass
36947439,3,7/26/2017 17:57,7/26/2017 18:00,3005,34.0485,-118.25853700000002,3000,,,5852,30,One Way,Monthly Pass
36947432,1,7/26/2017 18:02,7/26/2017 18:03,3005,34.0485,-118.25853700000002,3000,,,6238,30,One Way,Monthly Pass
36954872,64,7/26/2017 18:09,7/26/2017 19:13,4142,34.144588,-118.14459199999999,3000,,,12346,30,One Way,Monthly Pass
36947406,33,7/26/2017 18:18,7/26/2017 18:51,3047,34.039982,-118.266403,3000,,,6585,30,One Way,Monthly Pass
36962386,117,7/26/2017 18:21,7/26/2017 20:18,4162,34.147498999999996,-118.14801000000001,3000,,,6665,30,One Way,Monthly Pass
36954815,20,7/26/2017 18:56,7/26/2017 19:16,4162,34.147498999999996,-118.14801000000001,3000,,,5950,30,One Way,Monthly Pass
37049443,758,7/26/2017 21:05,7/27/2017 9:43,4181,34.146221000000004,-118.13526200000001,3000,,,6656,0,One Way,Walk-up
37056321,185,7/27/2017 7:41,7/27/2017 10:46,4158,34.13525,-118.13237,3000,,,6169,0,One Way,Walk-up
37078316,333,7/27/2017 7:46,7/27/2017 13:19,3030,34.051941,-118.24353,3000,,,6646,30,One Way,Monthly Pass
37070691,223,7/27/2017 8:47,7/27/2017 12:30,4166,34.145908,-118.12175,3000,,,6560,30,One Way,Monthly Pass
37055985,40,7/27/2017 9:44,7/27/2017 10:24,3034,34.042061,-118.26338200000001,3000,,,6035,30,One Way,Monthly Pass
37235454,1440,7/27/2017 10:56,7/28/2017 11:41,4157,34.140999,-118.13208799999998,3000,,,6190,0,One Way,Walk-up
38128356,1440,7/27/2017 10:56,7/28/2017 11:41,4157,34.140999,-118.13208799999998,3000,,,6190,0,One Way,Walk-up
37155739,477,7/27/2017 16:06,7/28/2017 0:03,3000,,,3045,34.028511,-118.25666799999999,5890,30,One Way,Monthly Pass
37436015,477,7/27/2017 16:06,7/28/2017 0:03,3000,,,3045,34.028511,-118.25666799999999,5890,30,One Way,Monthly Pass
37234737,1165,7/27/2017 16:35,7/28/2017 12:00,4151,34.142361,-118.14151000000001,3000,,,5934,0,One Way,Walk-up
37108010,6,7/27/2017 17:02,7/27/2017 17:08,3024,34.05772,-118.24897,3000,,,5770,30,One Way,Monthly Pass
37132185,183,7/27/2017 17:06,7/27/2017 20:09,4159,34.145901,-118.11653899999999,3000,,,12193,0,One Way,Walk-up
37428164,1440,7/27/2017 17:21,7/29/2017 12:35,4183,34.146069,-118.129181,3000,,,6145,0,One Way,Walk-up
37107982,20,7/27/2017 17:25,7/27/2017 17:45,3032,34.049889,-118.255882,3000,,,6074,365,One Way,Flex Pass
37115834,17,7/27/2017 18:30,7/27/2017 18:47,4147,34.145247999999995,-118.15007,3000,,,6464,30,One Way,Monthly Pass
37241861,663,7/28/2017 1:33,7/28/2017 12:36,4162,34.147498999999996,-118.14801000000001,3000,,,6460,0,One Way,Walk-up
37211546,3,7/28/2017 8:47,7/28/2017 8:50,4156,34.14991,-118.13838999999999,3000,,,6507,30,One Way,Monthly Pass
37296584,479,7/28/2017 11:39,7/28/2017 19:38,3027,34.04998,-118.24716200000002,3000,,,5966,0,One Way,Walk-up
37296496,387,7/28/2017 13:12,7/28/2017 19:39,3022,34.04607,-118.233093,3000,,,6253,0,One Way,Walk-up
37296358,264,7/28/2017 14:56,7/28/2017 19:20,4159,34.145901,-118.11653899999999,3000,,,12026,0,One Way,Walk-up
37304430,204,7/28/2017 17:00,7/28/2017 20:24,3047,34.039982,-118.266403,3000,,,5870,30,One Way,Monthly Pass
37320634,55,7/28/2017 21:06,7/28/2017 22:01,3062,34.047748999999996,-118.243172,3000,,,4728,30,One Way,Monthly Pass
37411157,783,7/28/2017 21:25,7/29/2017 10:28,4153,34.156181,-118.16668700000001,3000,,,12126,0,One Way,Walk-up
37426391,645,7/29/2017 2:15,7/29/2017 13:00,3027,34.04998,-118.24716200000002,3000,,,6002,0,One Way,Walk-up
37434048,230,7/29/2017 9:31,7/29/2017 13:21,3062,34.047748999999996,-118.243172,3000,,,6054,30,One Way,Monthly Pass
37596085,1378,7/29/2017 11:44,7/30/2017 10:42,4142,34.144588,-118.14459199999999,3000,,,6684,0,One Way,Walk-up
37426156,27,7/29/2017 12:28,7/29/2017 12:55,3000,,,3045,34.028511,-118.25666799999999,6214,30,One Way,Monthly Pass
37433919,27,7/29/2017 12:28,7/29/2017 12:55,3000,,,3045,34.028511,-118.25666799999999,6214,30,One Way,Monthly Pass
37595914,1206,7/29/2017 14:43,7/30/2017 10:49,3082,34.04652,-118.23741100000001,3000,,,5852,30,One Way,Monthly Pass
37794543,1440,7/29/2017 16:18,7/31/2017 12:49,3022,34.04607,-118.233093,3000,,,6363,0,One Way,Walk-up
37457331,13,7/29/2017 16:30,7/29/2017 16:43,3040,34.05357,-118.26635700000001,3000,,,6104,30,One Way,Monthly Pass
37802283,1440,7/29/2017 16:40,7/31/2017 13:12,3030,34.051941,-118.24353,3000,,,6404,0,One Way,Walk-up
38125276,1440,7/29/2017 16:40,7/31/2017 13:12,3030,34.051941,-118.24353,3000,,,6404,0,One Way,Walk-up
37618490,1154,7/29/2017 18:22,7/30/2017 13:36,4157,34.140999,-118.13208799999998,3000,,,12187,0,One Way,Walk-up
37481474,38,7/29/2017 18:48,7/29/2017 19:26,4158,34.13525,-118.13237,3000,,,6128,0,One Way,Walk-up
37649635,1112,7/29/2017 22:50,7/30/2017 17:22,3068,34.0532,-118.25095400000001,3000,,,6595,0,One Way,Walk-up
37602933,548,7/30/2017 2:50,7/30/2017 11:58,4162,34.147498999999996,-118.14801000000001,3000,,,6477,0,One Way,Walk-up
37649501,495,7/30/2017 9:08,7/30/2017 17:23,3064,34.04681,-118.25698100000001,3000,,,6476,0,One Way,Walk-up
37618150,253,7/30/2017 9:11,7/30/2017 13:24,3007,34.05048,-118.254593,3000,,,6571,0,One Way,Walk-up
37665536,529,7/30/2017 10:29,7/30/2017 19:18,4160,34.133010999999996,-118.14856,3000,,,12114,0,One Way,Walk-up
37649382,376,7/30/2017 11:11,7/30/2017 17:27,3038,34.046822,-118.248352,3000,,,6017,0,One Way,Walk-up
37649317,308,7/30/2017 12:36,7/30/2017 17:44,3049,34.056969,-118.253593,3000,,,6101,30,One Way,Monthly Pass
37633489,185,7/30/2017 12:39,7/30/2017 15:44,3064,34.04681,-118.25698100000001,3000,,,6132,30,One Way,Monthly Pass
37657316,341,7/30/2017 12:46,7/30/2017 18:27,3052,34.051102,-118.26455700000001,3000,,,6066,30,One Way,Monthly Pass
37641316,207,7/30/2017 13:13,7/30/2017 16:40,3005,34.0485,-118.25853700000002,3000,,,5854,365,One Way,Flex Pass
37649185,189,7/30/2017 14:29,7/30/2017 17:38,3022,34.04607,-118.233093,3000,,,6623,0,One Way,Walk-up
37665202,218,7/30/2017 16:02,7/30/2017 19:40,4174,34.165290999999996,-118.15097,3000,,,6268,0,One Way,Walk-up
37664995,25,7/30/2017 18:38,7/30/2017 19:03,4176,34.137859000000006,-118.12241399999999,3000,,,5892,30,One Way,Monthly Pass
37800937,379,7/31/2017 7:19,7/31/2017 13:38,3067,34.045181,-118.25023700000001,3000,,,5972,30,One Way,Monthly Pass
37762748,39,7/31/2017 8:07,7/31/2017 8:46,4154,34.15612,-118.151192,3000,,,5793,30,One Way,Monthly Pass
38154514,1440,7/31/2017 8:10,8/2/2017 10:55,4174,34.165290999999996,-118.15097,3000,,,6640,30,One Way,Monthly Pass
37831975,5,7/31/2017 17:20,7/31/2017 17:25,3032,34.049889,-118.255882,3000,,,6100,30,One Way,Monthly Pass
37840056,30,7/31/2017 18:12,7/31/2017 18:42,3019,34.038609,-118.260857,3000,,,6514,30,One Way,Monthly Pass
37840054,30,7/31/2017 18:13,7/31/2017 18:43,3019,34.038609,-118.260857,3000,,,6130,30,One Way,Monthly Pass
37840055,32,7/31/2017 18:13,7/31/2017 18:45,3019,34.038609,-118.260857,3000,,,6025,30,One Way,Monthly Pass
37972076,1042,7/31/2017 18:14,8/1/2017 11:36,3005,34.0485,-118.25853700000002,3000,,,6356,365,One Way,Flex Pass
37964230,981,7/31/2017 18:17,8/1/2017 10:38,4151,34.142361,-118.14151000000001,3000,,,6460,30,One Way,Monthly Pass
37840033,15,7/31/2017 18:28,7/31/2017 18:43,4180,34.137951,-118.128502,3000,,,12149,30,One Way,Monthly Pass
37995905,1152,7/31/2017 19:06,8/1/2017 14:18,3052,34.051102,-118.26455700000001,3000,,,6074,0,One Way,Walk-up
37864882,50,7/31/2017 20:16,7/31/2017 21:06,4142,34.144588,-118.14459199999999,3000,,,6508,30,One Way,Monthly Pass
38153552,1440,7/31/2017 20:19,8/2/2017 10:19,3055,34.044159,-118.251579,3000,,,6287,0,One Way,Walk-up
37979637,795,7/31/2017 23:38,8/1/2017 12:53,4162,34.147498999999996,-118.14801000000001,3000,,,6721,30,One Way,Monthly Pass
38153371,1440,8/1/2017 4:30,8/2/2017 10:50,4126,33.710978999999995,-118.284668,3000,,,12262,0,One Way,Walk-up
37948158,7,8/1/2017 8:51,8/1/2017 8:58,3029,34.048851,-118.246422,3000,,,6308,30,One Way,Monthly Pass
38003171,186,8/1/2017 12:50,8/1/2017 15:56,3047,34.039982,-118.266403,3000,,,6386,0,One Way,Walk-up
38027447,6,8/1/2017 18:20,8/1/2017 18:26,3066,34.063389,-118.23616000000001,3000,,,6113,30,One Way,Monthly Pass
38136843,693,8/1/2017 21:17,8/2/2017 8:50,3064,34.04681,-118.25698100000001,3000,,,5993,30,One Way,Monthly Pass
38129146,453,8/1/2017 23:44,8/2/2017 7:17,4160,34.133010999999996,-118.14856,3000,,,6062,30,One Way,Monthly Pass
38121592,17,8/2/2017 5:53,8/2/2017 6:10,3042,34.049301,-118.238808,3000,,,6078,30,One Way,Monthly Pass
38144247,5,8/2/2017 9:26,8/2/2017 9:31,3005,34.0485,-118.25853700000002,3000,,,5959,30,One Way,Monthly Pass
38151961,12,8/2/2017 10:23,8/2/2017 10:35,3010,34.037048,-118.25486799999999,3000,,,5879,30,One Way,Monthly Pass
38215988,32,8/2/2017 17:54,8/2/2017 18:26,3038,34.046822,-118.248352,3000,,,6275,30,One Way,Monthly Pass
38215972,15,8/2/2017 18:07,8/2/2017 18:22,4156,34.14991,-118.13838999999999,3000,,,12226,30,One Way,Monthly Pass
38224279,24,8/2/2017 19:08,8/2/2017 19:32,4138,34.145691,-118.14823899999999,3000,,,12372,30,One Way,Monthly Pass
38346946,897,8/2/2017 21:45,8/3/2017 12:42,4159,34.145901,-118.11653899999999,3000,,,6537,0,One Way,Walk-up
38346934,882,8/2/2017 22:06,8/3/2017 12:48,3048,34.041691,-118.235352,3000,,,5838,0,One Way,Walk-up
38332683,617,8/3/2017 0:37,8/3/2017 10:54,4152,34.149712,-118.160172,3000,,,5720,30,One Way,Monthly Pass
38413963,1188,8/3/2017 1:54,8/3/2017 21:42,3082,34.04652,-118.23741100000001,3000,,,6157,0,One Way,Walk-up
38346849,605,8/3/2017 2:48,8/3/2017 12:53,3018,34.043732,-118.260139,3000,,,6207,30,One Way,Monthly Pass
38339620,188,8/3/2017 7:55,8/3/2017 11:03,4144,34.142399,-118.13265200000001,3000,,,5798,30,One Way,Monthly Pass
38360999,183,8/3/2017 11:05,8/3/2017 14:08,3038,34.046822,-118.248352,3000,,,5772,30,One Way,Monthly Pass
38368238,194,8/3/2017 11:51,8/3/2017 15:05,3032,34.049889,-118.255882,3000,,,6639,30,One Way,Monthly Pass
38375529,235,8/3/2017 12:26,8/3/2017 16:21,3011,34.041129999999995,-118.267982,3000,,,6356,0,One Way,Walk-up
38375445,189,8/3/2017 13:49,8/3/2017 16:58,4170,34.160709000000004,-118.132401,3000,,,6133,0,One Way,Walk-up
38368045,10,8/3/2017 14:51,8/3/2017 15:01,3062,34.047748999999996,-118.243172,3000,,,6390,30,One Way,Monthly Pass
38515211,1205,8/3/2017 15:59,8/4/2017 12:04,3075,34.04211,-118.25618700000001,3000,,,6220,0,One Way,Walk-up
38397676,24,8/3/2017 18:56,8/3/2017 19:20,4176,34.137859000000006,-118.12241399999999,3000,,,6062,30,One Way,Monthly Pass
38514941,1062,8/3/2017 19:01,8/4/2017 12:43,3047,34.039982,-118.266403,3000,,,6019,30,One Way,Monthly Pass
38397651,21,8/3/2017 19:21,8/3/2017 19:42,3031,34.044701,-118.25244099999999,3000,,,6290,30,One Way,Monthly Pass
38514912,1016,8/3/2017 19:22,8/4/2017 12:18,3008,34.046611999999996,-118.26273300000001,3000,,,6130,0,One Way,Walk-up
38514785,912,8/3/2017 21:08,8/4/2017 12:20,3024,34.05772,-118.24897,3000,,,6101,0,One Way,Walk-up
38705449,1440,8/4/2017 0:33,8/5/2017 16:02,4138,34.145691,-118.14823899999999,3000,,,6502,0,One Way,Walk-up
38474141,200,8/4/2017 2:48,8/4/2017 6:08,3055,34.044159,-118.251579,3000,,,6369,30,One Way,Monthly Pass
39204249,1440,8/4/2017 7:58,8/8/2017 14:15,3069,34.05088,-118.248253,3000,,,6097,30,One Way,Monthly Pass
38494020,56,8/4/2017 8:27,8/4/2017 9:23,4162,34.147498999999996,-118.14801000000001,3000,,,6504,0,One Way,Walk-up
38521444,219,8/4/2017 9:40,8/4/2017 13:19,3014,34.05661,-118.23721299999998,3000,,,6232,30,One Way,Monthly Pass
38535439,188,8/4/2017 11:55,8/4/2017 15:03,3064,34.04681,-118.25698100000001,3000,,,6727,0,One Way,Walk-up
38535386,182,8/4/2017 12:45,8/4/2017 15:47,3069,34.05088,-118.248253,3000,,,6088,0,One Way,Walk-up
38676285,1295,8/4/2017 14:05,8/5/2017 11:40,4148,34.14967,-118.14511100000001,3000,,,5842,30,One Way,Monthly Pass
38549651,189,8/4/2017 14:24,8/4/2017 17:33,3007,34.05048,-118.254593,3000,,,6588,30,One Way,Monthly Pass
38549603,96,8/4/2017 15:31,8/4/2017 17:07,3052,34.051102,-118.26455700000001,3000,,,6284,30,One Way,Monthly Pass
38675899,978,8/4/2017 19:34,8/5/2017 11:52,4150,34.154270000000004,-118.142151,3000,,,5720,30,One Way,Monthly Pass
38648260,675,8/4/2017 20:12,8/5/2017 7:27,4162,34.147498999999996,-118.14801000000001,3000,,,6268,30,One Way,Monthly Pass
38675387,10,8/5/2017 11:36,8/5/2017 11:46,3062,34.047748999999996,-118.243172,3000,,,6019,30,One Way,Monthly Pass
38682439,50,8/5/2017 11:38,8/5/2017 12:28,4129,33.725819,-118.28051,3000,,,5006,30,One Way,Monthly Pass
38726297,416,8/5/2017 11:56,8/5/2017 18:52,3040,34.05357,-118.26635700000001,3000,,,4728,0,One Way,Walk-up
38733863,438,8/5/2017 12:06,8/5/2017 19:24,3082,34.04652,-118.23741100000001,3000,,,6216,30,One Way,Monthly Pass
38855362,1408,8/5/2017 13:25,8/6/2017 12:53,3048,34.041691,-118.235352,3000,,,6017,0,One Way,Walk-up
38726154,262,8/5/2017 13:49,8/5/2017 18:11,4131,33.738979,-118.27926599999999,3000,,,12304,0,One Way,Walk-up
38726131,252,8/5/2017 14:06,8/5/2017 18:18,3067,34.045181,-118.25023700000001,3000,,,5795,0,One Way,Walk-up
38711083,54,8/5/2017 15:55,8/5/2017 16:49,3082,34.04652,-118.23741100000001,3000,,,6644,365,One Way,Flex Pass
38718477,55,8/5/2017 16:10,8/5/2017 17:05,3058,34.035801,-118.23317,3000,,,6516,0,One Way,Walk-up
38718478,55,8/5/2017 16:10,8/5/2017 17:05,3058,34.035801,-118.23317,3000,,,6253,0,One Way,Walk-up
38740957,28,8/5/2017 19:40,8/5/2017 20:08,4180,34.137951,-118.128502,3000,,,6408,30,One Way,Monthly Pass
38876525,951,8/5/2017 23:19,8/6/2017 15:10,4138,34.145691,-118.14823899999999,3000,,,12429,0,One Way,Walk-up
38869171,872,8/6/2017 0:18,8/6/2017 14:50,3035,34.048401,-118.260948,3000,,,5988,0,One Way,Walk-up
38891321,999,8/6/2017 1:13,8/6/2017 17:52,3064,34.04681,-118.25698100000001,3000,,,5879,30,One Way,Monthly Pass
38861633,16,8/6/2017 12:52,8/6/2017 13:08,3034,34.042061,-118.26338200000001,3000,,,6157,30,One Way,Monthly Pass
38883609,183,8/6/2017 13:11,8/6/2017 16:14,3049,34.056969,-118.253593,3000,,,5939,0,One Way,Walk-up
38883592,184,8/6/2017 13:29,8/6/2017 16:33,3075,34.04211,-118.25618700000001,3000,,,5750,30,One Way,Monthly Pass
38883583,182,8/6/2017 13:44,8/6/2017 16:46,4134,33.74136,-118.27806899999999,3000,,,5027,0,One Way,Walk-up
38891013,187,8/6/2017 13:55,8/6/2017 17:02,3069,34.05088,-118.248253,3000,,,6554,0,One Way,Walk-up
38898492,244,8/6/2017 14:14,8/6/2017 18:18,3082,34.04652,-118.23741100000001,3000,,,5847,0,One Way,Walk-up
38906035,317,8/6/2017 14:31,8/6/2017 19:48,4181,34.146221000000004,-118.13526200000001,3000,,,12311,0,One Way,Walk-up
39008993,1146,8/6/2017 15:50,8/7/2017 10:56,3008,34.046611999999996,-118.26273300000001,3000,,,6313,0,One Way,Walk-up
38905941,199,8/6/2017 16:17,8/6/2017 19:36,3027,34.04998,-118.24716200000002,3000,,,5830,0,One Way,Walk-up
38890839,16,8/6/2017 16:59,8/6/2017 17:15,3080,34.034209999999995,-118.254593,3000,,,6305,30,One Way,Monthly Pass
38913480,180,8/6/2017 17:30,8/6/2017 20:30,4181,34.146221000000004,-118.13526200000001,3000,,,6483,30,One Way,Monthly Pass
39008840,986,8/6/2017 18:24,8/7/2017 10:50,3074,34.04417,-118.261169,3000,,,5941,0,One Way,Walk-up
39173631,1440,8/6/2017 23:22,8/8/2017 10:05,3056,34.037459999999996,-118.265381,3000,,,6159,0,One Way,Walk-up
39008550,233,8/7/2017 6:58,8/7/2017 10:51,3029,34.048851,-118.246422,3000,,,6114,30,One Way,Monthly Pass
39072252,698,8/7/2017 8:06,8/7/2017 19:44,3064,34.04681,-118.25698100000001,3000,,,5861,30,One Way,Monthly Pass
39029034,183,8/7/2017 10:50,8/7/2017 13:53,3030,34.051941,-118.24353,3000,,,6318,365,One Way,Flex Pass
39028894,16,8/7/2017 12:54,8/7/2017 13:10,3037,34.034801,-118.231277,3000,,,6553,30,One Way,Monthly Pass
39050082,186,8/7/2017 13:15,8/7/2017 16:21,4126,33.710978999999995,-118.284668,3000,,,12450,0,One Way,Walk-up
39050049,183,8/7/2017 13:45,8/7/2017 16:48,3042,34.049301,-118.238808,3000,,,6465,30,One Way,Monthly Pass
39049925,24,8/7/2017 16:30,8/7/2017 16:54,3000,,,3045,34.028511,-118.25666799999999,12287,30,One Way,Monthly Pass
39079162,206,8/7/2017 17:11,8/7/2017 20:37,3016,34.052898,-118.24156200000002,3000,,,6198,0,One Way,Walk-up
39086561,183,8/7/2017 18:03,8/7/2017 21:06,4176,34.137859000000006,-118.12241399999999,3000,,,12454,0,One Way,Walk-up
39086554,184,8/7/2017 18:06,8/7/2017 21:10,3076,34.0406,-118.25383799999999,3000,,,6300,30,One Way,Monthly Pass
39086536,182,8/7/2017 18:20,8/7/2017 21:22,4132,33.74913,-118.28018200000001,3000,,,6374,0,One Way,Walk-up
39152799,764,8/7/2017 18:38,8/8/2017 7:22,4163,34.150471,-118.132019,3000,,,6408,30,One Way,Monthly Pass
39086500,182,8/7/2017 18:39,8/7/2017 21:41,3029,34.048851,-118.246422,3000,,,6410,30,One Way,Monthly Pass
39107818,257,8/7/2017 19:45,8/8/2017 0:02,3000,,,3057,34.035678999999995,-118.27081299999999,6653,30,One Way,Monthly Pass
39078932,5,8/7/2017 20:07,8/7/2017 20:12,3035,34.048401,-118.260948,3000,,,5932,30,One Way,Monthly Pass
39214512,1174,8/7/2017 20:46,8/8/2017 16:20,4153,34.156181,-118.16668700000001,3000,,,12024,0,One Way,Walk-up
39146063,25,8/8/2017 5:47,8/8/2017 6:12,3049,34.056969,-118.253593,3000,,,6437,0,One Way,Walk-up
39179293,256,8/8/2017 7:24,8/8/2017 11:40,4162,34.147498999999996,-118.14801000000001,3000,,,6195,30,One Way,Monthly Pass
39179126,136,8/8/2017 9:04,8/8/2017 11:20,3036,34.039188,-118.232529,3000,,,6589,30,One Way,Monthly Pass
39165588,10,8/8/2017 9:08,8/8/2017 9:18,3047,34.039982,-118.266403,3000,,,6373,30,One Way,Monthly Pass
39344290,1440,8/8/2017 11:20,8/9/2017 11:20,4174,34.165290999999996,-118.15097,3000,,,12208,365,One Way,Flex Pass
39511707,1440,8/8/2017 12:35,8/10/2017 11:41,3036,34.039188,-118.232529,3000,,,6331,0,One Way,Walk-up
39350586,1027,8/8/2017 19:22,8/9/2017 12:29,3027,34.04998,-118.24716200000002,3000,,,5719,365,One Way,Flex Pass
39350421,892,8/8/2017 21:52,8/9/2017 12:44,3029,34.048851,-118.246422,3000,,,6334,0,One Way,Walk-up
39323165,15,8/9/2017 7:59,8/9/2017 8:14,3064,34.04681,-118.25698100000001,3000,,,6278,30,One Way,Monthly Pass
39357113,245,8/9/2017 9:00,8/9/2017 13:05,3006,34.04554,-118.25666799999999,3000,,,5905,30,One Way,Monthly Pass
39350167,193,8/9/2017 9:09,8/9/2017 12:22,4150,34.154270000000004,-118.142151,3000,,,6329,30,One Way,Monthly Pass
39329731,6,8/9/2017 9:23,8/9/2017 9:29,3014,34.05661,-118.23721299999998,3000,,,6069,30,One Way,Monthly Pass
39363936,241,8/9/2017 10:56,8/9/2017 14:57,3066,34.063389,-118.23616000000001,3000,,,5830,30,One Way,Monthly Pass
39385140,182,8/9/2017 14:29,8/9/2017 17:31,3058,34.035801,-118.23317,3000,,,6591,0,One Way,Walk-up
39370754,27,8/9/2017 15:24,8/9/2017 15:51,3000,,,3082,34.04652,-118.23741100000001,6260,30,One Way,Monthly Pass
39392286,100,8/9/2017 16:40,8/9/2017 18:20,3052,34.051102,-118.26455700000001,3000,,,6302,30,One Way,Monthly Pass
39482730,721,8/9/2017 19:03,8/10/2017 7:04,4165,34.14175,-118.14906299999998,3000,,,6471,30,One Way,Monthly Pass
39399477,18,8/9/2017 19:25,8/9/2017 19:43,3064,34.04681,-118.25698100000001,3000,,,6398,30,One Way,Monthly Pass
39482507,677,8/9/2017 20:18,8/10/2017 7:35,3074,34.04417,-118.261169,3000,,,6065,30,One Way,Monthly Pass
39530920,505,8/10/2017 6:18,8/10/2017 14:43,3064,34.04681,-118.25698100000001,3000,,,5908,0,One Way,Walk-up
39509617,185,8/10/2017 8:18,8/10/2017 11:23,3042,34.049301,-118.238808,3000,,,6678,0,One Way,Walk-up
39502669,91,8/10/2017 8:34,8/10/2017 10:05,4177,34.144981,-118.13826,3000,,,6526,30,One Way,Monthly Pass
39530647,268,8/10/2017 9:57,8/10/2017 14:25,4126,33.710978999999995,-118.284668,3000,,,12111,0,One Way,Walk-up
39552436,333,8/10/2017 11:54,8/10/2017 17:27,4151,34.142361,-118.14151000000001,3000,,,12433,0,One Way,Walk-up
39658677,1081,8/10/2017 14:14,8/11/2017 8:15,3030,34.051941,-118.24353,3000,,,4728,30,One Way,Monthly Pass
39552265,181,8/10/2017 14:26,8/10/2017 17:27,4157,34.140999,-118.13208799999998,3000,,,12370,0,One Way,Walk-up
39559677,183,8/10/2017 15:29,8/10/2017 18:32,4147,34.145247999999995,-118.15007,3000,,,12141,30,One Way,Monthly Pass
39574741,183,8/10/2017 17:20,8/10/2017 20:23,4160,34.133010999999996,-118.14856,3000,,,6329,0,One Way,Walk-up
39651577,824,8/10/2017 17:50,8/11/2017 7:34,4169,34.146961,-118.139839,3000,,,12309,0,One Way,Walk-up
39574685,142,8/10/2017 18:05,8/10/2017 20:27,3047,34.039982,-118.266403,3000,,,6090,30,One Way,Monthly Pass
39723728,1415,8/10/2017 18:06,8/11/2017 17:41,3016,34.052898,-118.24156200000002,3000,,,5830,0,One Way,Walk-up
39672085,921,8/10/2017 19:11,8/11/2017 10:32,3008,34.046611999999996,-118.26273300000001,3000,,,6561,30,One Way,Monthly Pass
39862679,1440,8/11/2017 10:02,8/12/2017 12:37,4166,34.145908,-118.12175,3000,,,6133,30,One Way,Monthly Pass
39700150,123,8/11/2017 12:52,8/11/2017 14:55,4126,33.710978999999995,-118.284668,3000,,,12313,30,One Way,Monthly Pass
39715083,182,8/11/2017 13:20,8/11/2017 16:22,4157,34.140999,-118.13208799999998,3000,,,12339,30,One Way,Monthly Pass
39715063,185,8/11/2017 13:38,8/11/2017 16:43,4157,34.140999,-118.13208799999998,3000,,,12120,30,One Way,Monthly Pass
39738154,188,8/11/2017 16:35,8/11/2017 19:43,3035,34.048401,-118.260948,3000,,,6151,0,One Way,Walk-up
39840221,923,8/11/2017 18:33,8/12/2017 9:56,4151,34.142361,-118.14151000000001,3000,,,6172,0,One Way,Walk-up
39861774,1042,8/11/2017 19:21,8/12/2017 12:43,3042,34.049301,-118.238808,3000,,,5796,0,One Way,Walk-up
39737852,13,8/11/2017 19:24,8/11/2017 19:37,3048,34.041691,-118.235352,3000,,,6531,30,One Way,Monthly Pass
39861581,893,8/11/2017 22:00,8/12/2017 12:53,3052,34.051102,-118.26455700000001,3000,,,6171,0,One Way,Walk-up
39861512,733,8/12/2017 0:39,8/12/2017 12:52,4146,34.147831,-118.14504199999999,3000,,,12030,30,One Way,Monthly Pass
39906481,1031,8/12/2017 1:31,8/12/2017 18:42,3055,34.044159,-118.251579,3000,,,6109,0,One Way,Walk-up
39832767,185,8/12/2017 5:21,8/12/2017 8:26,3025,34.03286,-118.268082,3000,,,6248,365,One Way,Flex Pass
39825700,72,8/12/2017 5:55,8/12/2017 7:07,3035,34.048401,-118.260948,3000,,,6239,0,One Way,Walk-up
40032087,1440,8/12/2017 6:53,8/13/2017 11:15,3042,34.049301,-118.238808,3000,,,6635,30,One Way,Monthly Pass
39861378,141,8/12/2017 9:51,8/12/2017 12:12,3034,34.042061,-118.26338200000001,3000,,,6134,30,One Way,Monthly Pass
39906296,439,8/12/2017 11:20,8/12/2017 18:39,3051,34.045421999999995,-118.25351699999999,3000,,,6554,30,One Way,Monthly Pass
39883404,182,8/12/2017 12:54,8/12/2017 15:56,3034,34.042061,-118.26338200000001,3000,,,6162,0,One Way,Walk-up
39913598,83,8/12/2017 18:13,8/12/2017 19:36,4131,33.738979,-118.27926599999999,3000,,,6233,0,One Way,Walk-up
40224161,1440,8/12/2017 19:33,8/14/2017 12:17,4147,34.145247999999995,-118.15007,3000,,,6484,0,One Way,Walk-up
40216392,1440,8/12/2017 20:11,8/14/2017 11:59,4165,34.14175,-118.14906299999998,3000,,,12081,30,One Way,Monthly Pass
40409112,1440,8/13/2017 0:24,8/15/2017 12:06,3081,34.031890999999995,-118.250183,3000,,,6711,0,One Way,Walk-up
40216205,1440,8/13/2017 3:02,8/14/2017 11:05,4155,34.147812,-118.132217,3000,,,5768,0,One Way,Walk-up
40038553,182,8/13/2017 9:41,8/13/2017 12:43,3013,33.779819,-118.263023,3000,,,12419,0,One Way,Walk-up
40023497,20,8/13/2017 10:36,8/13/2017 10:56,4135,33.772301,-118.26804399999999,3000,,,12453,30,One Way,Monthly Pass
40085985,408,8/13/2017 11:36,8/13/2017 18:24,4159,34.145901,-118.11653899999999,3000,,,6508,365,One Way,Flex Pass
40110749,576,8/13/2017 11:37,8/13/2017 21:13,4157,34.140999,-118.13208799999998,3000,,,5798,0,One Way,Walk-up
40046000,96,8/13/2017 12:09,8/13/2017 13:45,4135,33.772301,-118.26804399999999,3000,,,6255,30,One Way,Monthly Pass
40061593,186,8/13/2017 12:53,8/13/2017 15:59,3082,34.04652,-118.23741100000001,3000,,,5761,0,One Way,Walk-up
40053615,51,8/13/2017 13:47,8/13/2017 14:38,4134,33.74136,-118.27806899999999,3000,,,12371,0,One Way,Walk-up
40231126,1440,8/13/2017 13:47,8/14/2017 13:56,4142,34.144588,-118.14459199999999,3000,,,6467,30,One Way,Monthly Pass
40279333,1440,8/13/2017 13:51,8/14/2017 19:20,4131,33.738979,-118.27926599999999,3000,,,12155,0,One Way,Walk-up
40085731,285,8/13/2017 13:58,8/13/2017 18:43,4169,34.146961,-118.139839,3000,,,5775,0,One Way,Walk-up
40069430,107,8/13/2017 14:29,8/13/2017 16:16,4156,34.14991,-118.13838999999999,3000,,,6333,30,One Way,Monthly Pass
40077493,182,8/13/2017 14:51,8/13/2017 17:53,4135,33.772301,-118.26804399999999,3000,,,6438,30,One Way,Monthly Pass
40093833,283,8/13/2017 15:11,8/13/2017 19:54,3013,33.779819,-118.263023,3000,,,6530,0,One Way,Walk-up
40093597,72,8/13/2017 17:53,8/13/2017 19:05,3035,34.048401,-118.260948,3000,,,5887,0,One Way,Walk-up
40110104,182,8/13/2017 18:21,8/13/2017 21:23,3052,34.051102,-118.26455700000001,3000,,,6154,0,One Way,Walk-up
40222842,1007,8/13/2017 19:57,8/14/2017 12:44,3022,34.04607,-118.233093,3000,,,6069,0,One Way,Walk-up
40199838,590,8/14/2017 0:08,8/14/2017 9:58,3058,34.035801,-118.23317,3000,,,6025,365,One Way,Flex Pass
40192218,9,8/14/2017 8:21,8/14/2017 8:30,3065,34.060558,-118.238327,3000,,,5863,30,One Way,Monthly Pass
40245897,196,8/14/2017 12:32,8/14/2017 15:48,3051,34.045421999999995,-118.25351699999999,3000,,,6692,0,One Way,Walk-up
40399267,1024,8/14/2017 18:21,8/15/2017 11:25,3006,34.04554,-118.25666799999999,3000,,,5780,30,One Way,Monthly Pass
40406820,774,8/14/2017 23:15,8/15/2017 12:09,3062,34.047748999999996,-118.243172,3000,,,5754,0,One Way,Walk-up
40361492,52,8/15/2017 5:57,8/15/2017 6:49,3042,34.049301,-118.238808,3000,,,6301,30,One Way,Monthly Pass
40391162,132,8/15/2017 8:35,8/15/2017 10:47,3005,34.0485,-118.25853700000002,3000,,,5836,0,One Way,Walk-up
40422268,200,8/15/2017 11:25,8/15/2017 14:45,3000,,,3045,34.028511,-118.25666799999999,5780,30,One Way,Monthly Pass
40438314,217,8/15/2017 13:14,8/15/2017 16:51,3079,34.05014,-118.23323799999999,3000,,,6182,0,One Way,Walk-up
40414040,18,8/15/2017 13:30,8/15/2017 13:48,4160,34.133010999999996,-118.14856,3000,,,6022,30,One Way,Monthly Pass
40446531,182,8/15/2017 14:34,8/15/2017 17:36,3082,34.04652,-118.23741100000001,3000,,,6465,0,One Way,Walk-up
40430010,16,8/15/2017 14:51,8/15/2017 15:07,3030,34.051941,-118.24353,3000,,,6104,0,One Way,Walk-up
40429979,9,8/15/2017 14:58,8/15/2017 15:07,3030,34.051941,-118.24353,3000,,,5912,30,One Way,Monthly Pass
40454884,189,8/15/2017 15:09,8/15/2017 18:18,4159,34.145901,-118.11653899999999,3000,,,12234,30,One Way,Monthly Pass
40595814,1097,8/15/2017 19:01,8/16/2017 13:18,4158,34.13525,-118.13237,3000,,,6317,0,One Way,Walk-up
40462918,16,8/15/2017 19:14,8/15/2017 19:30,3068,34.0532,-118.25095400000001,3000,,,6515,30,One Way,Monthly Pass
40548457,570,8/15/2017 22:11,8/16/2017 7:41,4150,34.154270000000004,-118.142151,3000,,,5720,0,One Way,Walk-up
40586969,8,8/16/2017 12:34,8/16/2017 12:42,3000,,,3000,,,4728,30,One Way,Monthly Pass
40619424,216,8/16/2017 13:20,8/16/2017 16:56,3008,34.046611999999996,-118.26273300000001,3000,,,6509,30,One Way,Monthly Pass
40652963,189,8/16/2017 17:43,8/16/2017 20:52,3047,34.039982,-118.266403,3000,,,5985,30,One Way,Monthly Pass
40786026,1075,8/16/2017 19:13,8/17/2017 13:08,4162,34.147498999999996,-118.14801000000001,3000,,,5954,0,One Way,Walk-up
40737756,500,8/16/2017 23:36,8/17/2017 7:56,3074,34.04417,-118.261169,3000,,,6561,30,One Way,Monthly Pass
40761212,517,8/17/2017 1:51,8/17/2017 10:28,3005,34.0485,-118.25853700000002,3000,,,6082,0,One Way,Walk-up
40801765,185,8/17/2017 12:12,8/17/2017 15:17,3068,34.0532,-118.25095400000001,3000,,,5778,0,One Way,Walk-up
40835935,428,8/17/2017 12:32,8/17/2017 19:40,3006,34.04554,-118.25666799999999,3000,,,6127,0,One Way,Walk-up
40930649,864,8/17/2017 17:21,8/18/2017 7:45,3005,34.0485,-118.25853700000002,3000,,,6300,30,One Way,Monthly Pass
40835513,6,8/17/2017 18:59,8/17/2017 19:05,4138,34.145691,-118.14823899999999,3000,,,6188,30,One Way,Monthly Pass
40968756,182,8/18/2017 9:34,8/18/2017 12:36,4183,34.146069,-118.129181,3000,,,6546,0,One Way,Walk-up
40976653,183,8/18/2017 10:19,8/18/2017 13:22,3055,34.044159,-118.251579,3000,,,6649,30,One Way,Monthly Pass
40960829,13,8/18/2017 11:14,8/18/2017 11:27,3047,34.039982,-118.266403,3000,,,6014,30,One Way,Monthly Pass
40984589,190,8/18/2017 11:16,8/18/2017 14:26,3076,34.0406,-118.25383799999999,3000,,,6101,0,One Way,Walk-up
40992511,159,8/18/2017 12:41,8/18/2017 15:20,4176,34.137859000000006,-118.12241399999999,3000,,,6600,30,One Way,Monthly Pass
40976479,16,8/18/2017 13:18,8/18/2017 13:34,3038,34.046822,-118.248352,3000,,,6296,30,One Way,Monthly Pass
41000483,184,8/18/2017 13:52,8/18/2017 16:56,4163,34.150471,-118.132019,3000,,,6710,30,One Way,Monthly Pass
41016764,126,8/18/2017 16:03,8/18/2017 18:09,3007,34.05048,-118.254593,3000,,,5919,30,One Way,Monthly Pass
41025026,183,8/18/2017 16:55,8/18/2017 19:58,3032,34.049889,-118.255882,3000,,,6072,0,One Way,Walk-up
41348796,1440,8/18/2017 21:42,8/20/2017 12:41,3065,34.060558,-118.238327,3000,,,6678,30,One Way,Monthly Pass
41551518,1440,8/19/2017 6:29,8/21/2017 14:20,3013,33.779819,-118.263023,3000,,,5880,30,One Way,Monthly Pass
41141991,57,8/19/2017 9:58,8/19/2017 10:55,3067,34.045181,-118.25023700000001,3000,,,6132,0,One Way,Walk-up
41174047,194,8/19/2017 10:47,8/19/2017 14:01,3077,34.039871000000005,-118.25003799999999,3000,,,6017,0,One Way,Walk-up
41173989,183,8/19/2017 11:46,8/19/2017 14:49,4147,34.145247999999995,-118.15007,3000,,,6573,0,One Way,Walk-up
41198817,302,8/19/2017 12:05,8/19/2017 17:07,4144,34.142399,-118.13265200000001,3000,,,6560,30,One Way,Monthly Pass
41165780,82,8/19/2017 12:25,8/19/2017 13:47,3069,34.05088,-118.248253,3000,,,5853,0,One Way,Walk-up
41224073,405,8/19/2017 13:36,8/19/2017 20:21,3069,34.05088,-118.248253,3000,,,5838,0,One Way,Walk-up
41206940,182,8/19/2017 15:32,8/19/2017 18:34,3023,34.050911,-118.240967,3000,,,5785,0,One Way,Walk-up
41206919,183,8/19/2017 15:48,8/19/2017 18:51,3030,34.051941,-118.24353,3000,,,6209,0,One Way,Walk-up
41215365,183,8/19/2017 16:12,8/19/2017 19:15,4177,34.144981,-118.13826,3000,,,6546,0,One Way,Walk-up
41215363,188,8/19/2017 16:14,8/19/2017 19:22,4177,34.144981,-118.13826,3000,,,12079,0,One Way,Walk-up
41223813,210,8/19/2017 17:16,8/19/2017 20:46,3042,34.049301,-118.238808,3000,,,6505,0,One Way,Walk-up
41232312,182,8/19/2017 18:35,8/19/2017 21:37,4138,34.145691,-118.14823899999999,3000,,,6352,30,One Way,Monthly Pass
41223665,17,8/19/2017 19:50,8/19/2017 20:07,4160,34.133010999999996,-118.14856,3000,,,6388,30,One Way,Monthly Pass
41347477,206,8/20/2017 8:36,8/20/2017 12:02,4131,33.738979,-118.27926599999999,3000,,,6661,0,One Way,Walk-up
41347475,200,8/20/2017 8:47,8/20/2017 12:07,4142,34.144588,-118.14459199999999,3000,,,12085,30,One Way,Monthly Pass
41331956,19,8/20/2017 10:35,8/20/2017 10:54,3005,34.0485,-118.25853700000002,3000,,,6316,0,One Way,Walk-up
41347335,22,8/20/2017 11:55,8/20/2017 12:17,3082,34.04652,-118.23741100000001,3000,,,6585,365,One Way,Flex Pass
41347336,22,8/20/2017 11:55,8/20/2017 12:17,3082,34.04652,-118.23741100000001,3000,,,6076,30,One Way,Monthly Pass
41379102,229,8/20/2017 12:22,8/20/2017 16:11,4194,34.056702,-118.231392,3000,,,5802,30,One Way,Monthly Pass
41355101,33,8/20/2017 12:48,8/20/2017 13:21,3006,34.04554,-118.25666799999999,3000,,,6622,365,One Way,Flex Pass
41355103,14,8/20/2017 12:48,8/20/2017 13:02,3082,34.04652,-118.23741100000001,3000,,,6304,30,One Way,Monthly Pass
41355104,14,8/20/2017 12:48,8/20/2017 13:02,3082,34.04652,-118.23741100000001,3000,,,6041,365,One Way,Flex Pass
41355099,31,8/20/2017 12:50,8/20/2017 13:21,3006,34.04554,-118.25666799999999,3000,,,5830,0,One Way,Walk-up
41355093,39,8/20/2017 12:59,8/20/2017 13:38,3014,34.05661,-118.23721299999998,3000,,,6687,0,One Way,Walk-up
41355092,37,8/20/2017 13:00,8/20/2017 13:37,3014,34.05661,-118.23721299999998,3000,,,6521,0,One Way,Walk-up
41355076,26,8/20/2017 13:12,8/20/2017 13:38,3082,34.04652,-118.23741100000001,3000,,,6132,365,One Way,Flex Pass
41355072,23,8/20/2017 13:15,8/20/2017 13:38,3082,34.04652,-118.23741100000001,3000,,,5862,0,One Way,Walk-up
41355056,19,8/20/2017 13:31,8/20/2017 13:50,3000,,,3069,34.05088,-118.248253,5830,365,One Way,Flex Pass
41355057,19,8/20/2017 13:31,8/20/2017 13:50,3000,,,3069,34.05088,-118.248253,6622,30,One Way,Monthly Pass
41362930,23,8/20/2017 14:05,8/20/2017 14:28,3052,34.051102,-118.26455700000001,3000,,,5780,30,One Way,Monthly Pass
41362926,22,8/20/2017 14:06,8/20/2017 14:28,3052,34.051102,-118.26455700000001,3000,,,6627,0,One Way,Walk-up
41362923,18,8/20/2017 14:11,8/20/2017 14:29,3005,34.0485,-118.25853700000002,3000,,,6579,365,One Way,Flex Pass
41378908,78,8/20/2017 15:13,8/20/2017 16:31,4181,34.146221000000004,-118.13526200000001,3000,,,6052,30,One Way,Monthly Pass
41403619,259,8/20/2017 15:14,8/20/2017 19:33,4142,34.144588,-118.14459199999999,3000,,,5989,0,One Way,Walk-up
41702608,1440,8/20/2017 17:04,8/22/2017 10:38,3078,34.064281,-118.238937,3000,,,6365,0,One Way,Walk-up
41411808,183,8/20/2017 17:14,8/20/2017 20:17,3082,34.04652,-118.23741100000001,3000,,,5819,0,One Way,Walk-up
41887385,1440,8/20/2017 18:25,8/23/2017 10:34,4166,34.145908,-118.12175,3000,,,12301,0,One Way,Walk-up
42070141,1440,8/20/2017 19:10,8/24/2017 10:47,3082,34.04652,-118.23741100000001,3000,,,5909,30,One Way,Monthly Pass
41518274,199,8/21/2017 7:13,8/21/2017 10:32,3074,34.04417,-118.261169,3000,,,6683,30,One Way,Monthly Pass
41581292,416,8/21/2017 11:35,8/21/2017 18:31,3082,34.04652,-118.23741100000001,3000,,,6292,30,One Way,Monthly Pass
42069531,1440,8/21/2017 13:09,8/24/2017 10:59,3082,34.04652,-118.23741100000001,3000,,,6328,0,One Way,Walk-up
41564905,194,8/21/2017 13:23,8/21/2017 16:37,3082,34.04652,-118.23741100000001,3000,,,6214,0,One Way,Walk-up
41564834,115,8/21/2017 14:39,8/21/2017 16:34,4165,34.14175,-118.14906299999998,3000,,,5773,365,One Way,Flex Pass
41581055,201,8/21/2017 15:35,8/21/2017 18:56,3055,34.044159,-118.251579,3000,,,5952,0,One Way,Walk-up
41717173,1224,8/21/2017 15:47,8/22/2017 12:11,3005,34.0485,-118.25853700000002,3000,,,6247,0,One Way,Walk-up
41580856,37,8/21/2017 18:07,8/21/2017 18:44,3035,34.048401,-118.260948,3000,,,6061,30,One Way,Monthly Pass
41716963,1079,8/21/2017 18:25,8/22/2017 12:24,3018,34.043732,-118.260139,3000,,,5791,0,One Way,Walk-up
41606004,186,8/21/2017 18:30,8/21/2017 21:36,3014,34.05661,-118.23721299999998,3000,,,6491,365,One Way,Flex Pass
41764610,1072,8/22/2017 0:15,8/22/2017 18:07,3005,34.0485,-118.25853700000002,3000,,,6024,0,One Way,Walk-up
41708672,183,8/22/2017 8:13,8/22/2017 11:16,4132,33.74913,-118.28018200000001,3000,,,12206,30,One Way,Monthly Pass
41693269,24,8/22/2017 8:36,8/22/2017 9:00,3042,34.049301,-118.238808,3000,,,5950,30,One Way,Monthly Pass
41693109,9,8/22/2017 9:10,8/22/2017 9:19,4174,34.165290999999996,-118.15097,3000,,,5720,30,One Way,Monthly Pass
41693099,13,8/22/2017 9:14,8/22/2017 9:27,3048,34.041691,-118.235352,3000,,,6651,30,One Way,Monthly Pass
41700548,9,8/22/2017 10:12,8/22/2017 10:21,4144,34.142399,-118.13265200000001,3000,,,6174,30,One Way,Monthly Pass
41892299,831,8/22/2017 21:44,8/23/2017 11:35,4167,34.143822,-118.154099,3000,,,6493,0,One Way,Walk-up
41877015,88,8/23/2017 7:34,8/23/2017 9:02,3045,34.028511,-118.25666799999999,3000,,,6176,30,One Way,Monthly Pass
41869561,24,8/23/2017 8:07,8/23/2017 8:31,3042,34.049301,-118.238808,3000,,,6292,30,One Way,Monthly Pass
41899831,187,8/23/2017 8:57,8/23/2017 12:04,3067,34.045181,-118.25023700000001,3000,,,6578,30,One Way,Monthly Pass
41876890,19,8/23/2017 9:06,8/23/2017 9:25,3064,34.04681,-118.25698100000001,3000,,,6209,30,One Way,Monthly Pass
41899793,183,8/23/2017 9:31,8/23/2017 12:34,3031,34.044701,-118.25244099999999,3000,,,6301,30,One Way,Monthly Pass
41899794,182,8/23/2017 9:31,8/23/2017 12:33,3034,34.042061,-118.26338200000001,3000,,,5784,30,One Way,Monthly Pass
41884402,36,8/23/2017 9:32,8/23/2017 10:08,4194,34.056702,-118.231392,3000,,,5808,30,One Way,Monthly Pass
41923098,183,8/23/2017 12:49,8/23/2017 15:52,3035,34.048401,-118.260948,3000,,,5974,30,One Way,Monthly Pass
41907270,7,8/23/2017 12:56,8/23/2017 13:03,4136,33.771759,-118.27654299999999,3000,,,5006,30,One Way,Monthly Pass
42098005,7,8/23/2017 12:56,8/23/2017 13:03,4136,33.771759,-118.27654299999999,3000,,,5006,30,One Way,Monthly Pass
41907244,1,8/23/2017 13:05,8/23/2017 13:06,4136,33.771759,-118.27654299999999,3000,,,12448,30,One Way,Monthly Pass
41922992,44,8/23/2017 14:31,8/23/2017 15:15,3036,34.039188,-118.232529,3000,,,5789,30,One Way,Monthly Pass
41971724,14,8/23/2017 21:33,8/23/2017 21:47,4176,34.137859000000006,-118.12241399999999,3000,,,6716,30,One Way,Monthly Pass
42073502,186,8/24/2017 8:13,8/24/2017 11:19,3040,34.05357,-118.26635700000001,3000,,,6162,30,One Way,Monthly Pass
42096921,188,8/24/2017 10:54,8/24/2017 14:02,3067,34.045181,-118.25023700000001,3000,,,5919,30,One Way,Monthly Pass
42129499,374,8/24/2017 12:37,8/24/2017 18:51,4144,34.142399,-118.13265200000001,3000,,,12435,30,One Way,Monthly Pass
42088620,29,8/24/2017 12:46,8/24/2017 13:15,3005,34.0485,-118.25853700000002,3000,,,5838,30,One Way,Monthly Pass
42112478,9,8/24/2017 16:18,8/24/2017 16:27,3027,34.04998,-118.24716200000002,3000,,,6308,365,One Way,Flex Pass
42112472,13,8/24/2017 16:22,8/24/2017 16:35,3067,34.045181,-118.25023700000001,3000,,,6110,30,One Way,Monthly Pass
42154268,182,8/24/2017 18:05,8/24/2017 21:07,3060,34.034882,-118.25769,3000,,,6066,30,One Way,Monthly Pass
42287549,1177,8/24/2017 18:58,8/25/2017 14:35,3014,34.05661,-118.23721299999998,3000,,,6390,30,One Way,Monthly Pass
42287477,1124,8/24/2017 19:59,8/25/2017 14:43,3036,34.039188,-118.232529,3000,,,6503,30,One Way,Monthly Pass
42145611,7,8/24/2017 20:04,8/24/2017 20:11,4162,34.147498999999996,-118.14801000000001,3000,,,6145,30,One Way,Monthly Pass
42154030,8,8/24/2017 21:32,8/24/2017 21:40,4162,34.147498999999996,-118.14801000000001,3000,,,5808,30,One Way,Monthly Pass
42483786,1440,8/24/2017 22:12,8/26/2017 14:41,4162,34.147498999999996,-118.14801000000001,3000,,,6211,0,One Way,Walk-up
42239214,190,8/25/2017 4:57,8/25/2017 8:07,3036,34.039188,-118.232529,3000,,,11967,30,One Way,Monthly Pass
42254995,294,8/25/2017 5:54,8/25/2017 10:48,3042,34.049301,-118.238808,3000,,,5975,30,One Way,Monthly Pass
42223806,16,8/25/2017 6:21,8/25/2017 6:37,3045,34.028511,-118.25666799999999,3000,,,5778,30,One Way,Monthly Pass
42239178,45,8/25/2017 7:23,8/25/2017 8:08,4156,34.14991,-118.13838999999999,3000,,,6240,30,One Way,Monthly Pass
42239087,25,8/25/2017 8:08,8/25/2017 8:33,3042,34.049301,-118.238808,3000,,,6368,30,One Way,Monthly Pass
42239049,14,8/25/2017 8:25,8/25/2017 8:39,3075,34.04211,-118.25618700000001,3000,,,6611,30,One Way,Monthly Pass
42262764,181,8/25/2017 8:46,8/25/2017 11:47,4160,34.133010999999996,-118.14856,3000,,,5820,30,One Way,Monthly Pass
42278801,205,8/25/2017 9:39,8/25/2017 13:04,3055,34.044159,-118.251579,3000,,,6283,30,One Way,Monthly Pass
42254647,9,8/25/2017 10:15,8/25/2017 10:24,3029,34.048851,-118.246422,3000,,,6491,30,One Way,Monthly Pass
42286866,182,8/25/2017 11:49,8/25/2017 14:51,4144,34.142399,-118.13265200000001,3000,,,6131,30,One Way,Monthly Pass
42295037,186,8/25/2017 12:44,8/25/2017 15:50,3035,34.048401,-118.260948,3000,,,5936,0,One Way,Walk-up
42311690,185,8/25/2017 13:56,8/25/2017 17:01,3027,34.04998,-118.24716200000002,3000,,,5796,30,One Way,Monthly Pass
42286707,25,8/25/2017 14:11,8/25/2017 14:36,3000,,,3045,34.028511,-118.25666799999999,5804,30,One Way,Monthly Pass
42303254,125,8/25/2017 14:22,8/25/2017 16:27,4133,33.733521,-118.277786,3000,,,5006,30,One Way,Monthly Pass
42466172,1090,8/25/2017 18:13,8/26/2017 12:23,3032,34.049889,-118.255882,3000,,,6638,0,One Way,Walk-up
42336936,20,8/25/2017 20:35,8/25/2017 20:55,4157,34.140999,-118.13208799999998,3000,,,5934,30,One Way,Monthly Pass
42674286,1440,8/25/2017 22:23,8/27/2017 13:53,3008,34.046611999999996,-118.26273300000001,3000,,,6633,0,One Way,Walk-up
42682557,1440,8/26/2017 8:51,8/27/2017 14:03,4153,34.156181,-118.16668700000001,3000,,,6052,0,One Way,Walk-up
42682321,1440,8/26/2017 11:34,8/27/2017 14:06,3022,34.04607,-118.233093,3000,,,6212,0,One Way,Walk-up
42507320,184,8/26/2017 14:53,8/26/2017 17:57,3069,34.05088,-118.248253,3000,,,6424,0,One Way,Walk-up
42515988,182,8/26/2017 14:59,8/26/2017 18:01,3032,34.049889,-118.255882,3000,,,6157,0,One Way,Walk-up
42533523,232,8/26/2017 16:13,8/26/2017 20:05,4167,34.143822,-118.154099,3000,,,12365,30,One Way,Monthly Pass
42533494,257,8/26/2017 16:34,8/26/2017 20:51,3038,34.046822,-118.248352,3000,,,6704,0,One Way,Walk-up
42681581,1078,8/26/2017 20:40,8/27/2017 14:38,4147,34.145247999999995,-118.15007,3000,,,12138,30,One Way,Monthly Pass
42664744,857,8/26/2017 22:40,8/27/2017 12:57,3030,34.051941,-118.24353,3000,,,5836,0,One Way,Walk-up
42623852,517,8/26/2017 22:43,8/27/2017 7:20,4167,34.143822,-118.154099,3000,,,6261,30,One Way,Monthly Pass
42689902,843,8/27/2017 1:35,8/27/2017 15:38,3051,34.045421999999995,-118.25351699999999,3000,,,5936,0,One Way,Walk-up
42656333,183,8/27/2017 8:37,8/27/2017 11:40,4153,34.156181,-118.16668700000001,3000,,,6537,0,One Way,Walk-up
42724448,603,8/27/2017 9:15,8/27/2017 19:18,4176,34.137859000000006,-118.12241399999999,3000,,,6206,30,One Way,Monthly Pass
42681189,200,8/27/2017 11:25,8/27/2017 14:45,3014,34.05661,-118.23721299999998,3000,,,6244,0,One Way,Walk-up
42681071,16,8/27/2017 13:45,8/27/2017 14:01,3037,34.034801,-118.231277,3000,,,6031,365,One Way,Flex Pass
42698096,183,8/27/2017 13:52,8/27/2017 16:55,3010,34.037048,-118.25486799999999,3000,,,6232,30,One Way,Monthly Pass
42689493,11,8/27/2017 14:57,8/27/2017 15:08,3000,,,3082,34.04652,-118.23741100000001,6031,365,One Way,Flex Pass
42821382,944,8/27/2017 15:21,8/28/2017 7:05,3046,34.053020000000004,-118.247948,3000,,,5921,30,One Way,Monthly Pass
42732835,242,8/27/2017 16:23,8/27/2017 20:25,3049,34.056969,-118.253593,3000,,,6677,0,One Way,Walk-up
42732770,182,8/27/2017 17:11,8/27/2017 20:13,3069,34.05088,-118.248253,3000,,,5939,30,One Way,Monthly Pass
42861101,578,8/28/2017 2:52,8/28/2017 12:30,3014,34.05661,-118.23721299999998,3000,,,6182,0,One Way,Walk-up
42902875,622,8/28/2017 7:03,8/28/2017 17:25,3052,34.051102,-118.26455700000001,3000,,,6633,30,One Way,Monthly Pass
42852759,184,8/28/2017 8:55,8/28/2017 11:59,3082,34.04652,-118.23741100000001,3000,,,5868,30,One Way,Monthly Pass
43443684,1440,8/28/2017 9:29,8/31/2017 12:22,3055,34.044159,-118.251579,3000,,,5859,0,One Way,Walk-up
43443682,1440,8/28/2017 9:30,8/31/2017 12:22,3055,34.044159,-118.251579,3000,,,5904,0,One Way,Walk-up
42868972,51,8/28/2017 12:22,8/28/2017 13:13,3005,34.0485,-118.25853700000002,3000,,,5838,30,One Way,Monthly Pass
43014288,1081,8/28/2017 13:13,8/29/2017 7:14,3051,34.045421999999995,-118.25351699999999,3000,,,6246,30,One Way,Monthly Pass
42910884,209,8/28/2017 14:42,8/28/2017 18:11,3006,34.04554,-118.25666799999999,3000,,,6470,0,One Way,Walk-up
42919455,184,8/28/2017 16:37,8/28/2017 19:41,3020,34.031052,-118.26709,3000,,,6292,30,One Way,Monthly Pass
42910773,50,8/28/2017 17:14,8/28/2017 18:04,3008,34.046611999999996,-118.26273300000001,3000,,,6288,30,One Way,Monthly Pass
42928140,185,8/28/2017 17:18,8/28/2017 20:23,4155,34.147812,-118.132217,3000,,,5842,0,One Way,Walk-up
43094960,4,8/29/2017 17:37,8/29/2017 17:41,3035,34.048401,-118.260948,3000,,,6547,30,One Way,Monthly Pass
43216881,10,8/30/2017 8:12,8/30/2017 8:22,3042,34.049301,-118.238808,3000,,,5735,30,One Way,Monthly Pass
43440860,1440,8/30/2017 11:29,8/31/2017 12:37,3035,34.048401,-118.260948,3000,,,5813,30,One Way,Monthly Pass
43249145,34,8/30/2017 12:15,8/30/2017 12:49,4159,34.145901,-118.11653899999999,3000,,,6383,30,One Way,Monthly Pass
43299995,255,8/30/2017 14:16,8/30/2017 18:31,3027,34.04998,-118.24716200000002,3000,,,6110,0,One Way,Walk-up
43282649,4,8/30/2017 16:15,8/30/2017 16:19,3032,34.049889,-118.255882,3000,,,6462,30,One Way,Monthly Pass
43282639,7,8/30/2017 16:21,8/30/2017 16:28,3032,34.049889,-118.255882,3000,,,6572,30,One Way,Monthly Pass
43317226,68,8/30/2017 19:24,8/30/2017 20:32,3038,34.046822,-118.248352,3000,,,5959,30,One Way,Monthly Pass
43326025,64,8/30/2017 20:18,8/30/2017 21:22,3064,34.04681,-118.25698100000001,3000,,,6487,0,One Way,Walk-up
43471258,1023,8/30/2017 23:40,8/31/2017 16:43,3082,34.04652,-118.23741100000001,3000,,,6667,0,One Way,Walk-up
43417186,183,8/31/2017 6:20,8/31/2017 9:23,4159,34.145901,-118.11653899999999,3000,,,6000,30,One Way,Monthly Pass
43402204,24,8/31/2017 6:41,8/31/2017 7:05,3052,34.051102,-118.26455700000001,3000,,,6680,30,One Way,Monthly Pass
43402195,23,8/31/2017 7:00,8/31/2017 7:23,3034,34.042061,-118.26338200000001,3000,,,6601,30,One Way,Monthly Pass
43402193,17,8/31/2017 7:03,8/31/2017 7:20,4151,34.142361,-118.14151000000001,3000,,,5989,30,One Way,Monthly Pass
43402143,12,8/31/2017 7:39,8/31/2017 7:51,3042,34.049301,-118.238808,3000,,,5946,365,One Way,Flex Pass
43439910,190,8/31/2017 9:06,8/31/2017 12:16,3014,34.05661,-118.23721299999998,3000,,,6615,30,One Way,Monthly Pass
43463138,314,8/31/2017 9:53,8/31/2017 15:07,3022,34.04607,-118.233093,3000,,,6613,30,One Way,Monthly Pass
43447581,193,8/31/2017 10:14,8/31/2017 13:27,4181,34.146221000000004,-118.13526200000001,3000,,,5773,365,One Way,Flex Pass
43463051,243,8/31/2017 11:40,8/31/2017 15:43,3032,34.049889,-118.255882,3000,,,6423,0,One Way,Walk-up
43462894,4,8/31/2017 15:37,8/31/2017 15:41,4159,34.145901,-118.11653899999999,3000,,,12401,0,One Way,Walk-up
43470746,60,8/31/2017 15:38,8/31/2017 16:38,4159,34.145901,-118.11653899999999,3000,,,6710,0,One Way,Walk-up
43470745,58,8/31/2017 15:39,8/31/2017 16:37,4159,34.145901,-118.11653899999999,3000,,,6265,0,One Way,Walk-up
43619969,220,9/1/2017 8:20,9/1/2017 12:00,3075,34.04211,-118.25618700000001,3000,,,6094,30,One Way,Monthly Pass
43596905,9,9/1/2017 9:11,9/1/2017 9:20,3036,34.039188,-118.232529,3000,,,6644,30,One Way,Monthly Pass
43659797,390,9/1/2017 11:09,9/1/2017 17:39,3069,34.05088,-118.248253,3000,,,11969,0,One Way,Walk-up
43627352,44,9/1/2017 12:52,9/1/2017 13:36,3042,34.049301,-118.238808,3000,,,6683,0,One Way,Walk-up
43775015,990,9/1/2017 16:25,9/2/2017 8:55,4160,34.133010999999996,-118.14856,3000,,,12282,30,One Way,Monthly Pass
43692509,200,9/1/2017 17:59,9/1/2017 21:19,3008,34.046611999999996,-118.26273300000001,3000,,,6691,30,One Way,Monthly Pass
43827290,1306,9/1/2017 17:59,9/2/2017 15:45,3047,34.039982,-118.266403,3000,,,6171,30,One Way,Monthly Pass
44151295,1440,9/1/2017 18:50,9/4/2017 11:44,3064,34.04681,-118.25698100000001,3000,,,6728,0,One Way,Walk-up
43804492,952,9/1/2017 20:28,9/2/2017 12:20,3007,34.05048,-118.254593,3000,,,5873,365,One Way,Flex Pass
43804489,935,9/1/2017 20:32,9/2/2017 12:07,3007,34.05048,-118.254593,3000,,,5761,0,One Way,Walk-up
43874141,1434,9/1/2017 21:48,9/2/2017 21:42,3051,34.045421999999995,-118.25351699999999,3000,,,6428,0,One Way,Walk-up
43767372,495,9/1/2017 22:58,9/2/2017 7:13,4150,34.154270000000004,-118.142151,3000,,,6593,30,One Way,Monthly Pass
43874110,1339,9/1/2017 23:03,9/2/2017 21:22,4162,34.147498999999996,-118.14801000000001,3000,,,6538,0,One Way,Walk-up
44158123,1440,9/2/2017 0:21,9/4/2017 12:02,3074,34.04417,-118.261169,3000,,,6469,30,One Way,Monthly Pass
43767305,26,9/2/2017 6:54,9/2/2017 7:20,3005,34.0485,-118.25853700000002,3000,,,5971,30,One Way,Monthly Pass
43804307,211,9/2/2017 8:31,9/2/2017 12:02,3068,34.0532,-118.25095400000001,3000,,,6458,0,One Way,Walk-up
43811722,183,9/2/2017 10:26,9/2/2017 13:29,3069,34.05088,-118.248253,3000,,,12397,0,One Way,Walk-up
43865464,18,9/2/2017 19:46,9/2/2017 20:04,4149,34.13821,-118.147079,3000,,,6265,0,One Way,Walk-up
43865465,17,9/2/2017 19:46,9/2/2017 20:03,4149,34.13821,-118.147079,3000,,,6512,0,One Way,Walk-up
44157431,1440,9/2/2017 20:33,9/4/2017 12:05,3035,34.048401,-118.260948,3000,,,11967,0,One Way,Walk-up
44157430,1440,9/2/2017 20:34,9/4/2017 12:05,3035,34.048401,-118.260948,3000,,,6270,0,One Way,Walk-up
43976130,761,9/2/2017 22:36,9/3/2017 11:17,3018,34.043732,-118.260139,3000,,,5921,0,One Way,Walk-up
43961429,496,9/3/2017 1:42,9/3/2017 9:58,4142,34.144588,-118.14459199999999,3000,,,5878,0,One Way,Walk-up
43975982,99,9/3/2017 9:57,9/3/2017 11:36,3007,34.05048,-118.254593,3000,,,6683,0,One Way,Walk-up
44157160,1440,9/3/2017 10:52,9/4/2017 12:14,3078,34.064281,-118.238937,3000,,,6392,0,One Way,Walk-up
44020915,183,9/3/2017 14:00,9/3/2017 17:03,4163,34.150471,-118.132019,3000,,,5923,0,One Way,Walk-up
44307814,1440,9/3/2017 15:44,9/5/2017 10:04,3079,34.05014,-118.23323799999999,3000,,,6417,0,One Way,Walk-up
44163689,756,9/4/2017 0:32,9/4/2017 13:08,3033,34.040989,-118.255798,3000,,,6514,0,One Way,Walk-up
44156570,660,9/4/2017 1:48,9/4/2017 12:48,4162,34.147498999999996,-118.14801000000001,3000,,,6184,0,One Way,Walk-up
44307397,1440,9/4/2017 3:46,9/5/2017 10:41,3018,34.043732,-118.260139,3000,,,6309,0,One Way,Walk-up
44170675,199,9/4/2017 11:32,9/4/2017 14:51,4165,34.14175,-118.14906299999998,3000,,,6507,30,One Way,Monthly Pass
44307059,1194,9/4/2017 14:54,9/5/2017 10:48,3031,34.044701,-118.25244099999999,3000,,,6065,30,One Way,Monthly Pass
44287325,925,9/4/2017 16:08,9/5/2017 7:33,4162,34.147498999999996,-118.14801000000001,3000,,,6145,30,One Way,Monthly Pass
44222315,127,9/4/2017 19:48,9/4/2017 21:55,4170,34.160709000000004,-118.132401,3000,,,6408,30,One Way,Monthly Pass
44341221,1104,9/4/2017 20:40,9/5/2017 15:04,3027,34.04998,-118.24716200000002,3000,,,6641,0,One Way,Walk-up
44286959,34,9/5/2017 6:43,9/5/2017 7:17,3051,34.045421999999995,-118.25351699999999,3000,,,6194,365,One Way,Flex Pass
44319644,51,9/5/2017 11:55,9/5/2017 12:46,3049,34.056969,-118.253593,3000,,,6122,0,One Way,Walk-up
44347505,185,9/5/2017 13:10,9/5/2017 16:15,3055,34.044159,-118.251579,3000,,,6470,30,One Way,Monthly Pass
44369093,184,9/5/2017 16:01,9/5/2017 19:05,3024,34.05772,-118.24897,3000,,,5909,30,One Way,Monthly Pass
44361623,25,9/5/2017 17:55,9/5/2017 18:20,3068,34.0532,-118.25095400000001,3000,,,6011,0,One Way,Walk-up
44383715,182,9/5/2017 18:38,9/5/2017 21:40,3063,34.049198,-118.252831,3000,,,6685,0,One Way,Walk-up
44376168,8,9/5/2017 19:56,9/5/2017 20:04,3022,34.04607,-118.233093,3000,,,6706,30,One Way,Monthly Pass
44474307,760,9/5/2017 23:02,9/6/2017 11:42,3036,34.039188,-118.232529,3000,,,6406,0,One Way,Walk-up
44467663,202,9/6/2017 7:05,9/6/2017 10:27,3006,34.04554,-118.25666799999999,3000,,,6595,30,One Way,Monthly Pass
44467617,190,9/6/2017 7:42,9/6/2017 10:52,3022,34.04607,-118.233093,3000,,,6556,30,One Way,Monthly Pass
44480760,186,9/6/2017 9:33,9/6/2017 12:39,4153,34.156181,-118.16668700000001,3000,,,6140,0,One Way,Walk-up
44494231,333,9/6/2017 10:26,9/6/2017 15:59,3045,34.028511,-118.25666799999999,3000,,,6546,30,One Way,Monthly Pass
44764230,1440,9/6/2017 18:28,9/8/2017 7:21,3014,34.05661,-118.23721299999998,3000,,,6017,30,One Way,Monthly Pass
44607792,778,9/6/2017 19:34,9/7/2017 8:32,3035,34.048401,-118.260948,3000,,,6054,30,One Way,Monthly Pass
44614342,781,9/6/2017 20:23,9/7/2017 9:24,3008,34.046611999999996,-118.26273300000001,3000,,,5762,30,One Way,Monthly Pass
44655629,1096,9/6/2017 20:46,9/7/2017 15:02,3063,34.049198,-118.252831,3000,,,12434,0,One Way,Walk-up
44641141,196,9/7/2017 10:40,9/7/2017 13:56,4214,33.99556,-118.48155200000001,3000,,,12011,30,One Way,Monthly Pass
44634066,29,9/7/2017 12:03,9/7/2017 12:32,3014,34.05661,-118.23721299999998,3000,,,6463,0,One Way,Walk-up
45146836,19,9/10/2017 11:45,9/10/2017 12:04,3033,34.040989,-118.255798,3000,,,6194,0,One Way,Walk-up
45146835,18,9/10/2017 11:46,9/10/2017 12:04,3033,34.040989,-118.255798,3000,,,5955,365,One Way,Flex Pass
45154583,20,9/10/2017 13:28,9/10/2017 13:48,3006,34.04554,-118.25666799999999,3000,,,5794,30,One Way,Monthly Pass
45154584,20,9/10/2017 13:28,9/10/2017 13:48,3006,34.04554,-118.25666799999999,3000,,,6137,0,One Way,Walk-up
45314212,36,9/11/2017 8:35,9/11/2017 9:11,3064,34.04681,-118.25698100000001,3000,,,6379,30,One Way,Monthly Pass
45695307,20,9/13/2017 8:07,9/13/2017 8:27,3042,34.049301,-118.238808,3000,,,6580,30,One Way,Monthly Pass
46146041,1440,9/13/2017 19:12,9/15/2017 15:43,4108,34.025890000000004,-118.238243,3000,,,5739,30,One Way,Monthly Pass
45879235,23,9/14/2017 7:35,9/14/2017 7:58,4194,34.056702,-118.231392,3000,,,6008,30,One Way,Monthly Pass
46196917,1440,9/14/2017 20:15,9/15/2017 21:32,4211,33.984928000000004,-118.46996299999999,3000,,,12424,0,One Way,Walk-up
46086999,153,9/15/2017 5:55,9/15/2017 8:28,3042,34.049301,-118.238808,3000,,,5804,30,One Way,Monthly Pass
46739528,1440,9/16/2017 18:54,9/18/2017 15:08,3034,34.042061,-118.26338200000001,3000,,,6678,365,One Way,Flex Pass
46526546,112,9/17/2017 12:25,9/17/2017 14:17,3052,34.051102,-118.26455700000001,3000,,,6309,0,One Way,Walk-up
46526549,111,9/17/2017 12:25,9/17/2017 14:16,3052,34.051102,-118.26455700000001,3000,,,6465,0,One Way,Walk-up
46526539,110,9/17/2017 12:26,9/17/2017 14:16,3052,34.051102,-118.26455700000001,3000,,,6180,0,One Way,Walk-up
46518189,13,9/17/2017 13:07,9/17/2017 13:20,3022,34.04607,-118.233093,3000,,,6147,30,One Way,Monthly Pass
46518192,13,9/17/2017 13:07,9/17/2017 13:20,3022,34.04607,-118.233093,3000,,,5988,30,One Way,Monthly Pass
46526377,20,9/17/2017 14:20,9/17/2017 14:40,3042,34.049301,-118.238808,3000,,,5837,30,One Way,Monthly Pass
46526375,14,9/17/2017 14:22,9/17/2017 14:36,3000,,,3022,34.04607,-118.233093,6067,30,One Way,Monthly Pass
46526374,13,9/17/2017 14:23,9/17/2017 14:36,3000,,,3022,34.04607,-118.233093,6011,30,One Way,Monthly Pass
46543154,12,9/17/2017 15:58,9/17/2017 16:10,3000,,,3031,34.044701,-118.25244099999999,5988,30,One Way,Monthly Pass
46543152,6,9/17/2017 15:59,9/17/2017 16:05,3000,,,3082,34.04652,-118.23741100000001,6147,30,One Way,Monthly Pass
46543149,11,9/17/2017 16:00,9/17/2017 16:11,3000,,,3031,34.044701,-118.25244099999999,5837,30,One Way,Monthly Pass
46543150,5,9/17/2017 16:00,9/17/2017 16:05,3000,,,3082,34.04652,-118.23741100000001,6180,30,One Way,Monthly Pass
47095395,16,9/20/2017 7:39,9/20/2017 7:55,3045,34.028511,-118.25666799999999,3000,,,6036,30,One Way,Monthly Pass
47528632,1083,9/21/2017 16:19,9/22/2017 10:22,4129,33.725819,-118.28051,3000,,,6532,0,One Way,Walk-up
47553094,188,9/22/2017 10:40,9/22/2017 13:48,3063,34.049198,-118.252831,3000,,,6220,30,One Way,Monthly Pass
47561394,22,9/22/2017 13:49,9/22/2017 14:11,3075,34.04211,-118.25618700000001,3000,,,6687,30,One Way,Monthly Pass
47605476,27,9/22/2017 18:47,9/22/2017 19:14,3000,,,3052,34.051102,-118.26455700000001,6096,30,One Way,Monthly Pass
47820885,191,9/23/2017 18:26,9/23/2017 21:37,3022,34.04607,-118.233093,3000,,,6487,0,One Way,Walk-up
48087699,48,9/25/2017 5:20,9/25/2017 6:08,3019,34.038609,-118.260857,3000,,,6626,30,One Way,Monthly Pass
48132866,19,9/25/2017 12:13,9/25/2017 12:32,3000,,,3035,34.048401,-118.260948,6014,30,One Way,Monthly Pass
48140681,44,9/25/2017 12:29,9/25/2017 13:13,3037,34.034801,-118.231277,3000,,,6236,30,One Way,Monthly Pass
48515682,415,9/27/2017 6:21,9/27/2017 13:16,3058,34.035801,-118.23317,3000,,,6049,30,One Way,Monthly Pass
48699567,5,9/28/2017 13:05,9/28/2017 13:10,3035,34.048401,-118.260948,3000,,,6444,30,One Way,Monthly Pass
48724498,200,9/28/2017 13:10,9/28/2017 16:30,3035,34.048401,-118.260948,3000,,,5927,30,One Way,Monthly Pass
48890361,184,9/29/2017 10:31,9/29/2017 13:35,3069,34.05088,-118.248253,3000,,,6093,30,One Way,Monthly Pass
48931263,184,9/29/2017 15:48,9/29/2017 18:52,3005,34.0485,-118.25853700000002,3000,,,6349,30,One Way,Monthly Pass
48931261,182,9/29/2017 15:49,9/29/2017 18:51,3005,34.0485,-118.25853700000002,3000,,,6110,30,One Way,Monthly Pass
