,start,end,total,ratio,lat,lon,start_0,end_0,ratio_0,start_1,end_1,ratio_1,start_2,end_2,ratio_2,start_3,end_3,ratio_3,start_4,end_4,ratio_4,start_5,end_5,ratio_5,start_6,end_6,ratio_6,start_7,end_7,ratio_7,start_8,end_8,ratio_8,start_9,end_9,ratio_9,start_10,end_10,ratio_10,start_11,end_11,ratio_11,start_12,end_12,ratio_12,start_13,end_13,ratio_13,start_14,end_14,ratio_14,start_15,end_15,ratio_15,start_16,end_16,ratio_16,start_17,end_17,ratio_17,start_18,end_18,ratio_18,start_19,end_19,ratio_19,start_20,end_20,ratio_20,start_21,end_21,ratio_21,start_22,end_22,ratio_22,start_23,end_23,ratio_23,start_Mon,end_Mon,ratio_Mon,start_Tue,end_Tue,ratio_Tue,start_Wed,end_Wed,ratio_Wed,start_Thu,end_Thu,ratio_Thu,start_Fri,end_Fri,ratio_Fri,start_Sat,end_Sat,ratio_Sat,start_Sun,end_Sun,ratio_Sun,total_0,total_1,total_2,total_3,total_4,total_5,total_6,total_7,total_8,total_9,total_10,total_11,total_12,total_13,total_14,total_15,total_16,total_17,total_18,total_19,total_20,total_21,total_22,total_23,total_Mon,total_Tue,total_Wed,total_Thu,total_Fri,total_Sat,total_Sun
3005,3625,4438,8063,0.5503530286138982,34.04652,-118.23741100000001,34,33,0.4935064935064935,22,33,0.5846153846153846,57,19,0.27906976744186046,41,8,0.22033898305084745,26,46,0.6219512195121951,10,29,0.6938775510204082,25,64,0.696969696969697,45,367,0.8815165876777251,87,497,0.8451178451178452,104,430,0.7996323529411765,126,192,0.600609756097561,128,185,0.5882352941176471,276,254,0.47962962962962963,208,312,0.5981132075471698,208,192,0.48048780487804876,204,251,0.5505376344086022,235,330,0.5826086956521739,372,250,0.40348101265822783,419,319,0.43315508021390375,383,188,0.33218588640275387,268,155,0.3695150115473441,156,135,0.46511627906976744,84,90,0.5163043478260869,107,59,0.36363636363636365,559,664,0.5425790754257908,573,700,0.5494933749025721,610,755,0.5527272727272727,619,747,0.5465116279069767,618,787,0.5597173144876325,351,443,0.5572139303482587,295,342,0.5363214837712519,67,55,76,49,72,39,89,412,584,534,318,313,530,520,400,455,565,622,738,571,423,291,174,166,1223,1273,1365,1366,1405,794,637
3006,1524,1614,3138,0.514294790343075,34.045421999999995,-118.25351699999999,25,18,0.4339622641509434,18,15,0.46511627906976744,18,10,0.39473684210526316,4,8,0.5909090909090909,3,3,0.5,10,6,0.4230769230769231,33,14,0.3333333333333333,24,27,0.5245901639344263,124,44,0.2752808988764045,69,46,0.408,56,52,0.4830508474576271,92,72,0.4425287356321839,88,125,0.5829596412556054,130,110,0.46,74,81,0.5212121212121212,83,104,0.5532994923857868,73,147,0.6608695652173913,91,140,0.6016597510373444,140,151,0.5182724252491694,86,134,0.6043478260869565,118,122,0.508,96,88,0.4793814432989691,48,55,0.5309734513274337,21,42,0.6438356164383562,192,202,0.5123762376237624,180,212,0.5398009950248757,211,235,0.5263157894736842,233,240,0.5072463768115942,228,223,0.4945770065075922,246,272,0.5246212121212122,234,230,0.4957805907172996,43,33,28,12,6,16,47,51,168,115,108,164,213,240,155,187,220,231,291,220,240,184,103,63,394,392,446,473,451,518,464
3007,1998,1424,3422,0.4163752913752914,34.05048,-118.254593,12,11,0.48484848484848486,18,9,0.3783783783783784,4,5,0.5263157894736842,2,4,0.5625,2,0,0.4166666666666667,4,15,0.6896551724137931,4,25,0.7692307692307693,22,47,0.6582278481012658,66,79,0.5419354838709678,120,123,0.5059288537549407,55,120,0.6756756756756757,85,86,0.5027624309392266,169,99,0.37410071942446044,178,119,0.40390879478827363,141,117,0.4552238805970149,149,86,0.37142857142857144,152,103,0.4075471698113208,229,95,0.2994011976047904,181,114,0.3901639344262295,155,65,0.30434782608695654,125,48,0.2896174863387978,77,17,0.21153846153846154,32,18,0.38333333333333336,16,19,0.5333333333333333,296,224,0.4320754716981132,339,256,0.43140495867768597,331,228,0.4094903339191564,342,230,0.40378006872852235,312,211,0.4052532833020638,218,150,0.41005291005291006,160,125,0.4406779661016949,23,27,9,6,2,19,29,69,145,243,175,171,268,297,258,235,255,324,295,220,173,94,50,35,520,595,559,572,523,368,285
3008,1427,1472,2899,0.5077346167067721,34.04652,-118.23741100000001,47,16,0.2876712328767123,25,16,0.4117647058823529,17,18,0.5111111111111111,5,8,0.5652173913043478,0,2,0.5833333333333334,7,4,0.42857142857142855,2,35,0.851063829787234,22,77,0.7522935779816514,36,73,0.6554621848739496,30,49,0.6067415730337079,51,62,0.5447154471544715,77,53,0.4142857142857143,129,91,0.41739130434782606,76,123,0.6124401913875598,65,159,0.7008547008547008,93,73,0.4431818181818182,97,87,0.4742268041237113,141,98,0.41365461847389556,111,112,0.5021459227467812,67,92,0.5739644970414202,97,91,0.48484848484848486,81,65,0.44871794871794873,90,49,0.3624161073825503,61,19,0.26666666666666666,187,214,0.5328467153284672,201,197,0.4950980392156863,212,203,0.4894117647058824,177,176,0.4986225895316804,209,240,0.5337690631808278,220,212,0.49095022624434387,221,230,0.5097613882863341,63,41,35,13,2,11,37,99,109,79,113,130,220,199,224,166,184,239,223,159,188,146,139,80,401,398,415,353,449,432,451
3009,55,68,123,0.5488721804511278,33.987381,-118.47283200000001,0,0,0.5,0,0,0.5,0,0,0.5,0,0,0.5,0,0,0.5,0,0,0.5,0,0,0.5,0,0,0.5,1,1,0.5,3,4,0.5294117647058824,11,8,0.4482758620689655,10,3,0.34782608695652173,12,14,0.5277777777777778,14,13,0.4864864864864865,2,13,0.72,2,12,0.7083333333333334,0,0,0.5,0,0,0.5,0,0,0.5,0,0,0.5,0,0,0.5,0,0,0.5,0,0,0.5,0,0,0.5,1,1,0.5,1,1,0.5,0,0,0.5,0,0,0.5,0,0,0.5,0,0,0.5,53,66,0.5503875968992248,0,0,0,0,0,0,0,0,2,7,19,13,26,27,15,14,0,0,0,0,0,0,0,0,2,2,0,0,0,0,119
3010,219,319,538,0.5912408759124088,34.037048,-118.25486799999999,0,3,0.6153846153846154,0,0,0.5,1,0,0.45454545454545453,0,0,0.5,0,0,0.5,0,0,0.5,0,0,0.5,1,1,0.5,2,12,0.7083333333333334,8,28,0.717391304347826,6,12,0.6071428571428571,14,20,0.5681818181818182,20,25,0.5454545454545454,32,32,0.5,14,33,0.6666666666666666,39,52,0.5643564356435643,30,41,0.5679012345679012,30,13,0.33962264150943394,10,21,0.6341463414634146,5,9,0.5833333333333334,0,4,0.6428571428571429,2,5,0.5882352941176471,3,5,0.5555555555555556,2,3,0.5333333333333333,26,31,0.5373134328358209,33,52,0.6,38,44,0.532608695652174,25,37,0.5833333333333334,26,41,0.5974025974025974,38,64,0.6160714285714286,33,50,0.5913978494623656,3,0,1,0,0,0,0,2,14,36,18,34,45,64,47,91,71,43,31,14,4,7,8,5,57,85,82,62,67,102,83
3011,984,1121,2105,0.532387706855792,34.060558,-118.238327,7,14,0.6129032258064516,10,7,0.4444444444444444,9,9,0.5,3,7,0.6,5,3,0.4444444444444444,3,1,0.42857142857142855,46,4,0.15,60,27,0.32989690721649484,24,57,0.6813186813186813,33,59,0.6274509803921569,30,56,0.6354166666666666,87,57,0.4025974025974026,60,92,0.5987654320987654,70,91,0.5614035087719298,64,69,0.5174825174825175,81,92,0.5300546448087432,78,93,0.5414364640883977,97,112,0.5342465753424658,56,91,0.6114649681528662,33,63,0.6415094339622641,22,29,0.5573770491803278,25,34,0.5652173913043478,60,29,0.3434343434343434,21,25,0.5357142857142857,110,114,0.5085470085470085,126,144,0.5321428571428571,152,186,0.5488505747126436,140,163,0.536741214057508,166,185,0.5263157894736842,156,156,0.5,134,173,0.5615141955835962,21,17,18,10,8,4,50,87,81,92,86,144,152,161,133,173,171,209,147,96,51,59,89,46,224,270,338,303,351,312,307
3014,3007,3455,6462,0.534610630407911,34.04607,-118.233093,17,20,0.5319148936170213,16,15,0.4878048780487805,5,11,0.6153846153846154,2,7,0.631578947368421,13,12,0.4857142857142857,42,16,0.3088235294117647,269,65,0.20348837209302326,308,91,0.23471882640586797,429,96,0.18878504672897195,200,129,0.3952802359882006,127,93,0.4260869565217391,169,106,0.3894736842105263,172,158,0.47941176470588237,138,248,0.6388888888888888,128,188,0.5920245398773006,129,263,0.6666666666666666,138,586,0.8051771117166212,195,658,0.7682502896871379,189,344,0.6427255985267035,82,129,0.6063348416289592,91,91,0.5,43,45,0.5102040816326531,68,49,0.4251968503937008,37,35,0.4878048780487805,425,509,0.5444915254237288,504,552,0.5225140712945591,568,631,0.5260545905707196,597,621,0.509771986970684,507,572,0.5298438934802571,213,310,0.5909943714821764,193,260,0.572354211663067,37,31,16,9,25,58,334,399,525,329,220,275,330,386,316,392,724,853,533,211,182,88,117,72,934,1056,1199,1218,1079,523,453
3016,811,783,1594,0.4912718204488778,34.052898,-118.24156200000002,5,4,0.47368421052631576,30,4,0.20454545454545456,2,13,0.72,0,10,0.75,0,0,0.5,0,0,0.5,2,3,0.5333333333333333,12,58,0.7875,24,56,0.6777777777777778,39,57,0.5849056603773585,22,27,0.5423728813559322,78,44,0.3712121212121212,78,78,0.5,59,67,0.5294117647058824,51,67,0.5625,55,47,0.4642857142857143,111,79,0.42,77,80,0.5089820359281437,51,30,0.38461538461538464,40,17,0.3283582089552239,27,12,0.3469387755102041,14,21,0.5777777777777777,24,6,0.275,10,3,0.34782608695652173,102,106,0.5091743119266054,137,155,0.5298013245033113,148,150,0.5032467532467533,149,146,0.49508196721311476,155,143,0.4805194805194805,54,49,0.4778761061946903,66,34,0.35454545454545455,9,34,15,10,0,0,5,70,80,96,49,122,156,126,118,102,190,157,81,57,39,35,30,13,208,292,298,295,298,103,100
3018,867,1067,1934,0.551440329218107,34.04998,-118.24716200000002,11,12,0.5151515151515151,6,6,0.5,3,5,0.5555555555555556,1,1,0.5,2,0,0.4166666666666667,4,2,0.4375,4,4,0.5,21,9,0.35,29,24,0.4603174603174603,44,105,0.6918238993710691,46,40,0.46875,43,52,0.5428571428571428,67,66,0.4965034965034965,68,76,0.525974025974026,68,59,0.46715328467153283,55,62,0.5275590551181102,62,72,0.5347222222222222,81,94,0.5351351351351351,71,106,0.5935828877005348,51,71,0.5757575757575758,43,60,0.5752212389380531,35,47,0.5652173913043478,38,45,0.5376344086021505,14,49,0.7397260273972602,120,138,0.5335820895522388,112,164,0.5909090909090909,133,162,0.5475409836065573,113,166,0.5916955017301038,129,143,0.524822695035461,137,136,0.49823321554770317,123,158,0.5601374570446735,23,12,8,2,2,6,8,30,53,149,86,95,133,144,127,117,134,175,177,122,103,82,83,63,258,276,295,279,272,273,281
3019,1155,1380,2535,0.5442043222003929,34.049198,-118.252831,9,2,0.3333333333333333,2,1,0.46153846153846156,2,3,0.5333333333333333,1,2,0.5384615384615384,0,1,0.5454545454545454,0,7,0.7058823529411765,3,125,0.9420289855072463,23,238,0.8966789667896679,22,173,0.8682926829268293,15,86,0.8198198198198198,40,25,0.4,101,30,0.24822695035460993,133,166,0.5533980582524272,129,147,0.5314685314685315,54,66,0.5461538461538461,89,106,0.5414634146341464,256,38,0.14144736842105263,116,34,0.24375,59,31,0.36,45,22,0.35064935064935066,27,33,0.5428571428571428,13,25,0.625,8,11,0.5517241379310345,8,8,0.5,145,208,0.5867768595041323,202,272,0.5723140495867769,233,275,0.5405405405405406,219,297,0.5741444866920152,217,231,0.5152838427947598,75,40,0.36,64,57,0.4732824427480916,11,3,5,3,1,7,128,261,195,101,65,131,299,276,120,195,294,150,90,67,60,38,19,16,353,474,508,516,448,115,121
3020,236,291,527,0.5512104283054003,34.051102,-118.26455700000001,2,12,0.7083333333333334,0,2,0.5833333333333334,1,5,0.625,0,0,0.5,0,0,0.5,0,1,0.5454545454545454,1,4,0.6,1,3,0.5714285714285714,7,11,0.5714285714285714,13,8,0.41935483870967744,13,10,0.45454545454545453,19,8,0.35135135135135137,35,16,0.3442622950819672,26,49,0.6352941176470588,12,15,0.5405405405405406,22,6,0.2894736842105263,23,17,0.44,19,30,0.5932203389830508,8,13,0.5806451612903226,9,19,0.631578947368421,11,26,0.6595744680851063,5,22,0.7297297297297297,3,7,0.6,6,7,0.5217391304347826,31,32,0.5068493150684932,44,44,0.5,36,50,0.5729166666666666,57,63,0.5230769230769231,25,35,0.5714285714285714,26,48,0.6309523809523809,17,19,0.5217391304347826,14,2,6,0,0,1,5,4,18,21,23,27,51,75,27,28,40,49,21,28,37,27,10,13,63,88,86,120,60,74,36
3022,2278,2527,4805,0.5258566978193147,34.04607,-118.233093,39,26,0.41333333333333333,22,21,0.49056603773584906,10,18,0.6052631578947368,11,5,0.38461538461538464,3,3,0.5,9,2,0.3333333333333333,7,10,0.5555555555555556,81,15,0.18867924528301888,81,37,0.328125,126,110,0.46747967479674796,91,148,0.6144578313253012,111,155,0.5797101449275363,139,232,0.6220472440944882,210,263,0.5548654244306418,171,257,0.5981735159817352,145,234,0.6143958868894601,107,196,0.6421725239616614,143,183,0.5595238095238095,152,148,0.4935483870967742,190,134,0.4161676646706587,118,142,0.5444444444444444,113,87,0.4380952380952381,100,54,0.3597560975609756,99,47,0.3333333333333333,263,299,0.5314685314685315,323,354,0.5225618631732168,371,382,0.5072083879423329,327,329,0.5015015015015015,313,356,0.5316642120765832,341,422,0.5523932729624839,340,385,0.5306122448979592,65,43,28,16,6,11,17,96,118,236,239,266,371,473,428,379,303,326,300,324,260,200,154,146,562,677,753,656,669,763,725
3023,1164,1521,2685,0.5662337662337662,34.064281,-118.238937,16,19,0.5333333333333333,5,15,0.6666666666666666,1,15,0.7692307692307693,1,2,0.5384615384615384,1,1,0.5,0,4,0.6428571428571429,4,31,0.8,21,23,0.5185185185185185,25,40,0.6,40,40,0.5,21,27,0.5517241379310345,45,68,0.5934959349593496,55,108,0.653179190751445,83,68,0.453416149068323,97,92,0.48743718592964824,92,121,0.5650224215246636,106,134,0.556,166,190,0.5327868852459017,118,188,0.6107594936708861,96,137,0.5843621399176955,64,78,0.5460526315789473,43,50,0.5339805825242718,30,42,0.573170731707317,34,28,0.4583333333333333,169,200,0.5408970976253298,136,189,0.5791044776119403,162,233,0.5876543209876544,137,220,0.6130790190735694,178,240,0.572429906542056,216,219,0.503370786516854,166,220,0.5681818181818182,35,20,16,3,2,4,35,44,65,80,48,113,163,151,189,213,240,356,306,233,142,93,72,62,369,325,395,357,418,435,386
3024,594,256,850,0.30348837209302326,34.05772,-118.24897,20,13,0.4186046511627907,19,12,0.4146341463414634,5,18,0.696969696969697,0,7,0.7058823529411765,1,0,0.45454545454545453,0,0,0.5,10,7,0.4444444444444444,12,2,0.2916666666666667,10,1,0.2857142857142857,14,4,0.32142857142857145,18,8,0.3611111111111111,21,11,0.38095238095238093,24,18,0.4423076923076923,26,9,0.3111111111111111,30,11,0.3137254901960784,31,11,0.3076923076923077,57,11,0.20512820512820512,121,23,0.18181818181818182,35,24,0.42028985507246375,27,18,0.41818181818181815,26,13,0.3673469387755102,29,10,0.30612244897959184,40,13,0.2857142857142857,18,12,0.425,87,33,0.2923076923076923,72,24,0.27358490566037735,104,28,0.2323943661971831,83,27,0.26666666666666666,87,35,0.30303030303030304,86,63,0.4276729559748428,75,46,0.3893129770992366,33,31,23,7,1,0,17,14,11,18,26,32,42,35,41,42,68,144,59,45,39,39,53,30,120,96,132,110,122,149,121
3025,371,442,813,0.543134872417983,34.045421999999995,-118.25351699999999,5,6,0.5238095238095238,1,5,0.625,3,4,0.5294117647058824,1,2,0.5384615384615384,0,5,0.6666666666666666,0,13,0.782608695652174,3,3,0.5,27,15,0.38461538461538464,67,16,0.22580645161290322,16,19,0.5333333333333333,11,11,0.5,16,16,0.5,23,21,0.48148148148148145,20,24,0.5370370370370371,35,28,0.4520547945205479,14,30,0.6481481481481481,17,93,0.8166666666666667,34,26,0.44285714285714284,22,34,0.5909090909090909,16,17,0.5116279069767442,19,24,0.5471698113207547,10,4,0.375,8,18,0.6388888888888888,3,8,0.6190476190476191,59,57,0.49206349206349204,65,67,0.5070422535211268,74,85,0.5325443786982249,68,93,0.5730994152046783,55,65,0.5384615384615384,29,39,0.5641025641025641,21,36,0.6119402985074627,11,6,7,3,5,13,6,42,83,35,22,32,44,44,63,44,110,60,56,33,43,14,26,11,116,132,159,161,120,68,57
3026,985,755,1740,0.4342857142857143,34.058319,-118.246094,5,8,0.5652173913043478,1,14,0.76,2,14,0.7307692307692307,3,1,0.42857142857142855,1,2,0.5384615384615384,9,0,0.2631578947368421,14,0,0.20833333333333334,68,35,0.35398230088495575,124,4,0.06521739130434782,128,10,0.10135135135135136,57,18,0.27058823529411763,51,22,0.3253012048192771,70,41,0.38016528925619836,55,41,0.4339622641509434,46,42,0.47959183673469385,48,41,0.46464646464646464,43,57,0.5636363636363636,70,73,0.5098039215686274,61,100,0.6140350877192983,44,68,0.5983606557377049,32,60,0.6372549019607843,33,46,0.5730337078651685,17,35,0.6451612903225806,3,23,0.7777777777777778,132,103,0.44081632653061226,164,104,0.3920863309352518,166,137,0.4536741214057508,124,108,0.4669421487603306,162,119,0.4261168384879725,136,96,0.41735537190082644,101,88,0.46733668341708545,13,15,16,4,3,9,14,103,128,138,75,73,111,96,88,89,100,143,161,112,92,79,52,26,235,268,303,232,281,232,189
3027,1522,1140,2662,0.42851796407185627,34.04998,-118.24716200000002,13,10,0.45454545454545453,8,7,0.48,16,2,0.25,3,3,0.5,3,2,0.4666666666666667,6,8,0.5416666666666666,4,93,0.9158878504672897,21,91,0.7868852459016393,52,52,0.5,45,63,0.576271186440678,60,40,0.4090909090909091,161,64,0.2936170212765957,111,68,0.3862433862433862,93,105,0.5288461538461539,84,46,0.36428571428571427,83,63,0.4358974358974359,260,61,0.19939577039274925,132,69,0.35071090047393366,102,90,0.47029702970297027,68,59,0.46715328467153283,46,36,0.44565217391304346,53,54,0.5042735042735043,52,42,0.4519230769230769,46,12,0.25,206,168,0.4505208333333333,233,195,0.45662100456621,240,188,0.4406392694063927,248,203,0.4511930585683297,241,171,0.41706161137440756,203,126,0.3864306784660767,151,89,0.376,23,15,18,6,5,14,97,112,104,108,100,225,179,198,130,146,321,201,192,127,82,107,94,58,374,428,428,451,412,329,240
3028,807,358,1165,0.308936170212766,34.058319,-118.246094,11,11,0.5,1,6,0.6470588235294118,4,5,0.5263157894736842,2,3,0.5333333333333333,0,0,0.5,0,0,0.5,3,0,0.38461538461538464,10,7,0.4444444444444444,13,14,0.5135135135135135,23,8,0.3170731707317073,15,5,0.3333333333333333,71,15,0.20833333333333334,66,27,0.3106796116504854,41,26,0.4025974025974026,39,13,0.2903225806451613,42,17,0.3188405797101449,88,23,0.23140495867768596,79,40,0.3488372093023256,117,34,0.2422360248447205,54,27,0.3516483516483517,39,23,0.3888888888888889,29,20,0.423728813559322,39,28,0.42857142857142855,21,6,0.2972972972972973,92,31,0.2706766917293233,123,44,0.2768361581920904,111,46,0.30538922155688625,136,56,0.30198019801980197,121,49,0.3,123,74,0.38164251207729466,101,58,0.3727810650887574,22,7,9,5,0,0,3,17,27,31,20,86,93,67,52,59,111,119,151,81,62,49,67,27,123,167,157,192,170,197,159
3029,1230,926,2156,0.4298245614035088,34.051941,-118.24353,25,21,0.4642857142857143,23,22,0.4909090909090909,32,9,0.27450980392156865,8,1,0.3157894736842105,2,2,0.5,2,19,0.7741935483870968,5,16,0.6774193548387096,39,10,0.2542372881355932,44,34,0.4431818181818182,48,23,0.345679012345679,28,24,0.46774193548387094,55,55,0.5,78,62,0.44666666666666666,106,82,0.4393939393939394,87,48,0.36551724137931035,74,66,0.47333333333333333,97,44,0.32450331125827814,157,72,0.32217573221757323,74,64,0.46621621621621623,58,67,0.5333333333333333,77,78,0.503030303030303,55,50,0.4782608695652174,37,25,0.4166666666666667,19,32,0.6065573770491803,158,123,0.43986254295532645,178,107,0.37966101694915255,166,134,0.4483870967741935,163,152,0.48307692307692307,162,136,0.4577922077922078,217,149,0.4095744680851064,186,125,0.40498442367601245,46,45,41,9,4,21,21,49,78,71,52,110,140,188,135,140,141,229,138,125,155,105,62,51,281,285,300,315,298,366,311
3030,2991,2385,5376,0.44374303750464167,34.051941,-118.24353,24,19,0.4528301886792453,8,35,0.7547169811320755,28,4,0.21428571428571427,12,0,0.22727272727272727,0,14,0.7916666666666666,6,34,0.78,45,29,0.40476190476190477,67,137,0.6635514018691588,85,246,0.7360703812316716,92,155,0.622568093385214,78,104,0.5677083333333334,210,122,0.3713450292397661,276,212,0.4357429718875502,222,224,0.5021929824561403,244,155,0.39119804400978,265,145,0.35714285714285715,468,170,0.2700617283950617,337,226,0.4031413612565445,214,90,0.30254777070063693,95,98,0.5073891625615764,59,53,0.47540983606557374,42,48,0.53,53,46,0.46788990825688076,61,19,0.26666666666666666,402,305,0.43235704323570434,536,414,0.43645833333333334,568,485,0.4609595484477893,643,484,0.43007915567282323,494,415,0.45701849836779107,204,132,0.3959537572254335,144,150,0.5098684210526315,43,43,32,12,14,40,74,204,331,247,182,332,488,446,399,410,638,563,304,193,112,90,99,80,707,950,1053,1127,909,336,294
3031,2944,3287,6231,0.5274795705816375,34.05048,-118.254593,46,88,0.6458333333333334,39,62,0.6036036036036037,34,81,0.688,11,81,0.8431372549019608,7,23,0.7,4,15,0.6896551724137931,13,5,0.35714285714285715,62,67,0.5179856115107914,230,59,0.2140468227424749,198,109,0.35962145110410093,150,89,0.37751004016064255,158,141,0.47249190938511326,171,139,0.45,208,186,0.47277227722772275,197,166,0.4584450402144772,166,197,0.5415549597855228,195,235,0.5454545454545454,236,298,0.5569852941176471,217,353,0.6172413793103448,189,247,0.5650224215246636,144,191,0.5681159420289855,132,203,0.6028985507246377,90,140,0.6041666666666666,47,112,0.6923076923076923,370,423,0.5330012453300125,410,463,0.5300113250283126,401,453,0.5300925925925926,426,469,0.523756906077348,486,502,0.5080160320641283,509,519,0.5048169556840078,342,458,0.571604938271605,134,101,115,92,30,19,18,129,289,307,239,299,310,394,363,363,430,534,570,436,335,335,230,159,793,873,854,895,988,1028,800
3032,1389,1800,3189,0.5642388246326977,34.04211,-118.25618700000001,5,17,0.6875,8,12,0.5666666666666667,2,2,0.5,2,2,0.5,0,11,0.7619047619047619,16,18,0.5227272727272727,10,27,0.6808510638297872,12,68,0.8111111111111111,47,119,0.7045454545454546,52,146,0.7259615384615384,47,121,0.7078651685393258,75,96,0.5580110497237569,119,124,0.5098814229249012,127,154,0.5463917525773195,118,152,0.5607142857142857,139,116,0.45660377358490567,76,126,0.6179245283018868,168,132,0.44193548387096776,123,160,0.5631399317406144,109,92,0.4597156398104265,55,45,0.45454545454545453,43,27,0.4,29,19,0.41379310344827586,7,14,0.6129032258064516,198,262,0.5680851063829787,211,308,0.5916824196597353,224,316,0.5836363636363636,241,322,0.5706806282722513,255,306,0.5446584938704028,144,168,0.5372670807453416,116,118,0.5040983606557377,22,20,4,4,11,34,37,80,166,198,168,171,243,281,270,255,202,300,283,201,100,70,48,21,460,519,540,563,561,312,234
3033,487,502,989,0.5075075075075075,34.046822,-118.248352,13,10,0.45454545454545453,3,8,0.6190476190476191,1,1,0.5,1,0,0.45454545454545453,0,0,0.5,0,0,0.5,0,2,0.5833333333333334,6,12,0.6071428571428571,7,35,0.7692307692307693,8,37,0.7636363636363637,13,28,0.6470588235294118,21,24,0.5272727272727272,35,48,0.5698924731182796,35,38,0.5180722891566265,27,34,0.5492957746478874,32,27,0.463768115942029,37,38,0.5058823529411764,94,38,0.3028169014084507,43,34,0.4482758620689655,17,32,0.6271186440677966,29,23,0.45161290322580644,27,14,0.37254901960784315,24,12,0.3695652173913043,14,7,0.3870967741935484,63,64,0.5036496350364964,57,75,0.5633802816901409,79,75,0.4878048780487805,64,70,0.5208333333333334,76,83,0.5207100591715976,84,74,0.47023809523809523,64,61,0.4888888888888889,23,11,2,1,0,0,2,18,42,45,41,45,83,73,61,59,75,132,77,49,52,41,36,21,127,132,154,134,159,158,125
3034,1722,1782,3504,0.5085372794536142,34.042061,-118.26338200000001,8,16,0.6176470588235294,12,12,0.5,2,10,0.6818181818181818,0,1,0.5454545454545454,2,0,0.4166666666666667,4,1,0.4,22,3,0.22857142857142856,50,29,0.38202247191011235,119,145,0.5474452554744526,181,62,0.2648221343873518,115,60,0.35135135135135137,91,65,0.42168674698795183,168,115,0.40955631399317405,118,172,0.59,93,133,0.5847457627118644,94,61,0.4,94,110,0.5373831775700935,127,161,0.5570469798657718,128,206,0.6133720930232558,105,163,0.60431654676259,83,129,0.6036036036036037,39,60,0.5963302752293578,43,45,0.5102040816326531,24,23,0.49122807017543857,240,278,0.5359848484848485,261,275,0.5128205128205128,282,314,0.5264026402640264,264,260,0.49625468164794007,300,299,0.49917898193760263,209,208,0.49882903981264637,166,148,0.4722222222222222,24,24,12,1,2,5,25,79,264,243,175,156,283,290,226,155,204,288,334,268,212,99,88,47,518,536,596,524,599,417,314
3035,2094,2379,4473,0.5317867499442338,34.048401,-118.260948,24,14,0.3958333333333333,9,13,0.5625,1,9,0.7,7,1,0.3333333333333333,3,5,0.5555555555555556,2,19,0.7741935483870968,5,27,0.7619047619047619,43,106,0.6981132075471698,67,223,0.76,54,193,0.7704280155642024,73,116,0.6080402010050251,117,103,0.46956521739130436,135,210,0.6056338028169014,166,173,0.5100286532951289,178,154,0.4649122807017544,160,165,0.5074626865671642,224,157,0.4143222506393862,162,138,0.4612903225806452,167,180,0.5182072829131653,176,110,0.3885135135135135,114,122,0.516260162601626,88,56,0.3961038961038961,65,49,0.43548387096774194,54,36,0.41,276,318,0.5347682119205298,296,350,0.5411585365853658,340,385,0.5306122448979592,284,345,0.5477308294209703,349,428,0.5501905972045743,252,269,0.5160075329566854,297,284,0.4890016920473773,38,22,10,8,8,21,32,149,290,247,189,220,345,339,332,325,381,300,347,286,236,144,114,90,594,646,725,629,777,521,581
3036,667,867,1534,0.5647668393782384,34.039188,-118.232529,3,12,0.68,0,3,0.6153846153846154,4,2,0.4375,0,0,0.5,0,0,0.5,1,1,0.5,0,12,0.7727272727272727,5,22,0.7297297297297297,15,42,0.7014925373134329,17,60,0.7471264367816092,26,33,0.5507246376811594,53,51,0.49122807017543857,47,101,0.6708860759493671,71,80,0.5279503105590062,69,81,0.5375,71,68,0.4899328859060403,70,61,0.46808510638297873,61,72,0.5384615384615384,59,47,0.4482758620689655,40,29,0.43037974683544306,19,35,0.625,16,26,0.5961538461538461,12,21,0.6046511627906976,8,8,0.5,70,101,0.585635359116022,73,101,0.5760869565217391,83,104,0.5532994923857868,92,117,0.5570776255707762,87,116,0.568075117370892,130,176,0.5727848101265823,132,152,0.5340136054421769,15,3,6,0,0,2,12,27,57,77,59,104,148,151,150,139,131,133,106,69,54,42,33,16,171,174,187,209,203,306,284
3037,759,945,1704,0.5542590431738623,34.044159,-118.251579,19,10,0.38461538461538464,5,6,0.5238095238095238,2,7,0.631578947368421,0,0,0.5,3,2,0.4666666666666667,0,0,0.5,1,68,0.9240506329113924,2,11,0.6956521739130435,7,51,0.8235294117647058,25,56,0.6703296703296703,22,33,0.5846153846153846,68,30,0.32407407407407407,89,70,0.4437869822485207,58,62,0.5153846153846153,50,67,0.5669291338582677,58,79,0.5714285714285714,35,66,0.6396396396396397,41,69,0.6166666666666667,67,92,0.5739644970414202,62,55,0.47244094488188976,51,37,0.42857142857142855,53,30,0.3763440860215054,22,22,0.5,19,22,0.5294117647058824,79,130,0.6164383561643836,88,126,0.5848214285714286,104,134,0.5604838709677419,113,134,0.5408560311284046,123,135,0.5223880597014925,163,166,0.504424778761062,89,120,0.5707762557077626,29,11,9,0,5,0,69,13,58,81,55,98,159,120,117,137,101,110,159,117,88,83,44,41,209,214,238,247,258,329,209
3038,2026,2033,4059,0.5008601622020152,34.046611999999996,-118.26273300000001,20,58,0.7159090909090909,39,31,0.45,4,23,0.7567567567567568,6,8,0.5416666666666666,6,5,0.47619047619047616,7,3,0.4,20,4,0.2647058823529412,36,16,0.3387096774193548,84,44,0.35507246376811596,103,72,0.41621621621621624,115,81,0.4174757281553398,121,108,0.47280334728033474,120,153,0.558303886925795,162,109,0.40569395017793597,172,125,0.4234527687296417,158,153,0.49221183800623053,114,118,0.5082644628099173,196,140,0.4190751445086705,126,186,0.593167701863354,137,137,0.5,100,128,0.5588235294117647,78,142,0.6391304347826087,67,102,0.5977653631284916,35,87,0.696969696969697,256,253,0.49710982658959535,292,285,0.4940374787052811,286,273,0.48857644991212656,292,295,0.5025125628140703,288,299,0.509212730318258,328,333,0.503725782414307,284,295,0.5093378607809848,78,70,27,14,11,10,24,52,128,175,196,229,273,271,297,311,232,336,312,274,228,220,169,122,509,577,559,587,587,661,579
3039,116,115,231,0.4979253112033195,34.024479,-118.39386699999999,0,0,0.5,0,0,0.5,0,0,0.5,0,0,0.5,0,0,0.5,0,0,0.5,0,0,0.5,3,1,0.42857142857142855,13,0,0.21739130434782608,28,2,0.175,5,4,0.47368421052631576,14,14,0.5,15,15,0.5,23,19,0.46153846153846156,14,23,0.5957446808510638,1,32,0.8604651162790697,0,5,0.6666666666666666,0,0,0.5,0,0,0.5,0,0,0.5,0,0,0.5,0,0,0.5,0,0,0.5,0,0,0.5,0,0,0.5,1,0,0.45454545454545453,0,0,0.5,0,0,0.5,2,2,0.5,0,0,0.5,113,113,0.5,0,0,0,0,0,0,0,4,13,30,9,28,30,42,37,33,5,0,0,0,0,0,0,0,0,1,0,0,4,0,226
3040,671,416,1087,0.3837739288969918,34.05357,-118.26635700000001,1,9,0.7,3,10,0.6521739130434783,0,5,0.6666666666666666,1,2,0.5384615384615384,0,0,0.5,1,1,0.5,5,0,0.3333333333333333,12,2,0.2916666666666667,116,32,0.23417721518987342,46,14,0.2714285714285714,36,18,0.359375,37,21,0.38235294117647056,37,22,0.391304347826087,41,37,0.4772727272727273,43,30,0.42168674698795183,62,29,0.33663366336633666,41,22,0.3698630136986301,41,25,0.39473684210526316,46,37,0.45161290322580644,46,35,0.43956043956043955,19,30,0.5932203389830508,20,14,0.4318181818181818,11,19,0.6,6,2,0.3888888888888889,124,67,0.3582089552238806,72,41,0.37398373983739835,91,48,0.35570469798657717,106,72,0.4095744680851064,104,65,0.39106145251396646,84,63,0.43312101910828027,90,60,0.40625,10,13,5,3,0,2,5,14,148,60,54,58,59,78,73,91,63,66,83,81,49,34,30,8,191,113,139,178,169,147,150
3042,2818,3495,6313,0.5535347145342401,34.049301,-118.238808,48,49,0.5046728971962616,18,23,0.5490196078431373,11,7,0.42857142857142855,13,11,0.47058823529411764,3,7,0.6,6,5,0.47619047619047616,67,14,0.2087912087912088,281,22,0.08626198083067092,478,63,0.12341197822141561,250,44,0.1611842105263158,80,50,0.39285714285714285,60,85,0.5806451612903226,105,139,0.5669291338582677,98,159,0.6142322097378277,159,161,0.503030303030303,160,223,0.5801526717557252,173,373,0.6798561151079137,166,744,0.8141304347826087,155,469,0.7476340694006309,156,297,0.652267818574514,106,188,0.6348684210526315,96,144,0.596,70,125,0.6341463414634146,59,93,0.6049382716049383,397,513,0.5630434782608695,422,532,0.5570539419087137,420,543,0.5632065775950668,481,576,0.5445173383317713,432,491,0.5316184351554126,348,465,0.5710814094775213,318,375,0.5405405405405406,97,41,18,24,10,11,81,303,541,294,130,145,244,257,320,383,546,910,624,453,294,240,195,152,910,954,963,1057,923,813,693
3045,146,252,398,0.6299019607843137,34.028511,-118.25666799999999,0,4,0.6428571428571429,2,4,0.5625,0,9,0.7368421052631579,3,1,0.42857142857142855,1,0,0.45454545454545453,3,0,0.38461538461538464,1,0,0.45454545454545453,11,4,0.36,14,8,0.40625,3,2,0.4666666666666667,3,2,0.4666666666666667,4,4,0.5,4,8,0.5909090909090909,3,7,0.6,11,10,0.4838709677419355,7,10,0.5555555555555556,8,39,0.7719298245614035,35,72,0.6581196581196581,8,29,0.723404255319149,2,10,0.6818181818181818,4,10,0.625,4,9,0.6086956521739131,9,10,0.5172413793103449,6,0,0.3125,28,42,0.5875,14,40,0.703125,23,49,0.6585365853658537,22,50,0.6707317073170732,28,29,0.5074626865671642,19,30,0.5932203389830508,12,12,0.5,4,6,9,4,1,3,1,15,22,5,5,8,12,10,21,17,47,107,37,12,14,13,19,6,70,54,72,72,57,49,24
3046,836,751,1587,0.4733876017532874,34.045181,-118.25023700000001,13,6,0.3793103448275862,13,3,0.3076923076923077,4,4,0.5,1,0,0.45454545454545453,1,0,0.45454545454545453,3,3,0.5,3,5,0.5555555555555556,17,27,0.5925925925925926,29,59,0.6530612244897959,37,67,0.631578947368421,38,31,0.45569620253164556,38,32,0.4625,85,52,0.3877551020408163,43,87,0.6571428571428571,49,37,0.4375,67,46,0.4146341463414634,80,49,0.38848920863309355,69,56,0.45185185185185184,77,61,0.44594594594594594,47,40,0.4639175257731959,31,21,0.41935483870967744,30,29,0.4927536231884058,42,15,0.29850746268656714,19,21,0.52,122,115,0.48582995951417,130,114,0.468503937007874,130,120,0.4807692307692308,147,117,0.44525547445255476,139,122,0.46863468634686345,107,101,0.48623853211009177,61,62,0.5037593984962406,19,16,8,1,1,6,8,44,88,104,69,70,137,130,86,113,129,125,138,87,52,59,57,40,237,244,250,264,261,208,123
3047,1454,1415,2869,0.493226814866273,34.045181,-118.25023700000001,13,24,0.6170212765957447,17,34,0.639344262295082,7,17,0.6470588235294118,0,5,0.6666666666666666,30,8,0.2708333333333333,15,2,0.25925925925925924,29,10,0.30612244897959184,183,38,0.18614718614718614,121,85,0.4166666666666667,95,35,0.2857142857142857,75,44,0.3798449612403101,50,46,0.4811320754716981,79,49,0.391304347826087,95,91,0.4897959183673469,76,79,0.509090909090909,63,88,0.577639751552795,85,197,0.6917808219178082,106,136,0.5595238095238095,134,171,0.5587301587301587,66,75,0.5298013245033113,47,58,0.5478260869565217,21,50,0.6790123456790124,28,40,0.5769230769230769,19,33,0.6129032258064516,200,202,0.5024271844660194,239,215,0.47413793103448276,248,232,0.48367346938775513,219,222,0.5033259423503326,244,220,0.47468354430379744,154,151,0.49523809523809526,150,173,0.5345345345345346,37,51,24,5,38,17,39,221,206,130,119,96,128,186,155,151,282,242,305,141,105,71,68,52,402,454,480,441,464,305,323
3048,2078,2158,4236,0.5094206311822892,34.047748999999996,-118.243172,31,49,0.6,9,8,0.48148148148148145,3,6,0.5789473684210527,1,6,0.6470588235294118,3,1,0.42857142857142855,9,0,0.2631578947368421,28,15,0.37735849056603776,42,19,0.3380281690140845,140,133,0.4876325088339223,126,96,0.4353448275862069,122,94,0.43805309734513276,114,116,0.5041666666666667,167,167,0.5,182,174,0.4890710382513661,129,141,0.5214285714285715,140,143,0.5051194539249146,138,137,0.4982456140350877,155,147,0.48717948717948717,188,195,0.5089058524173028,133,168,0.5562700964630225,97,133,0.575,64,87,0.5714285714285714,39,82,0.6641221374045801,18,41,0.6666666666666666,273,289,0.513986013986014,268,291,0.5202108963093146,298,296,0.49834437086092714,320,356,0.5262390670553936,309,318,0.5070643642072213,336,308,0.4785932721712538,274,300,0.5222602739726028,80,17,9,7,4,9,43,61,273,222,216,230,334,356,270,283,275,302,383,301,230,151,121,59,562,559,594,676,627,644,574
3049,1924,1471,3395,0.43348017621145374,34.046611999999996,-118.26273300000001,5,27,0.7619047619047619,2,12,0.7083333333333334,5,26,0.7560975609756098,3,12,0.68,4,7,0.5714285714285714,32,5,0.2127659574468085,56,10,0.19736842105263158,214,188,0.4684466019417476,113,70,0.38860103626943004,126,31,0.2155688622754491,78,39,0.3464566929133858,95,48,0.3464052287581699,105,59,0.367816091954023,94,90,0.4896907216494845,91,54,0.38064516129032255,71,43,0.3870967741935484,173,80,0.3231939163498099,195,91,0.32432432432432434,155,109,0.41605839416058393,96,150,0.60546875,129,103,0.4462809917355372,36,100,0.7191780821917808,33,82,0.696,13,35,0.6896551724137931,277,234,0.45873320537428025,291,225,0.4372623574144487,335,250,0.42857142857142855,283,196,0.4110429447852761,323,258,0.4450084602368866,216,150,0.4122340425531915,199,158,0.444141689373297,32,14,31,15,11,37,66,402,183,157,117,143,164,184,145,114,253,286,264,246,232,136,115,48,511,516,585,479,581,366,357
3051,1200,1221,2421,0.5043192102015631,34.045421999999995,-118.25351699999999,24,14,0.3958333333333333,18,8,0.3611111111111111,8,13,0.5806451612903226,5,4,0.47368421052631576,5,6,0.5238095238095238,0,7,0.7058823529411765,5,7,0.5454545454545454,29,16,0.38181818181818183,26,23,0.4745762711864407,45,64,0.5798319327731093,35,39,0.5238095238095238,56,98,0.6280487804878049,91,111,0.5471698113207547,149,83,0.36363636363636365,79,59,0.43243243243243246,62,74,0.541095890410959,81,103,0.5567010309278351,77,133,0.6272727272727273,116,113,0.49372384937238495,88,77,0.4685714285714286,70,51,0.42748091603053434,44,39,0.4731182795698925,49,35,0.425531914893617,38,44,0.532608695652174,170,156,0.4791666666666667,183,166,0.4763231197771588,189,192,0.5038363171355499,162,183,0.5295774647887324,193,177,0.4789473684210526,178,207,0.5367088607594936,125,140,0.5272727272727272,38,26,21,9,11,7,12,45,49,109,74,154,202,232,138,136,184,210,229,165,121,83,84,82,326,349,381,345,370,385,265
3052,1338,903,2241,0.4033762772101288,34.051102,-118.26455700000001,9,21,0.65,14,21,0.5777777777777777,14,33,0.6666666666666666,4,10,0.625,33,1,0.13636363636363635,7,1,0.3333333333333333,44,6,0.18333333333333332,64,19,0.25806451612903225,82,14,0.1792452830188679,50,20,0.3125,73,26,0.28440366972477066,70,44,0.3951612903225806,138,40,0.2393617021276596,102,67,0.4022346368715084,67,59,0.47058823529411764,69,37,0.3620689655172414,83,58,0.41721854304635764,123,64,0.350253807106599,81,78,0.4911242603550296,70,70,0.5,50,87,0.6258503401360545,41,62,0.5929203539823009,39,34,0.46987951807228917,11,31,0.6923076923076923,174,85,0.3345724907063197,217,145,0.4032258064516129,191,101,0.3509933774834437,209,122,0.3724340175953079,221,152,0.40992167101827676,146,146,0.5,180,152,0.4590643274853801,30,35,47,14,34,8,50,83,96,70,99,114,178,169,126,106,141,187,159,140,137,103,73,42,259,362,292,331,373,292,332
3054,762,803,1565,0.513015873015873,34.044159,-118.251579,3,8,0.6190476190476191,1,5,0.625,0,0,0.5,0,0,0.5,0,0,0.5,5,2,0.4117647058823529,1,4,0.6,3,16,0.7241379310344828,14,31,0.6545454545454545,11,97,0.864406779661017,24,52,0.6627906976744186,31,45,0.5813953488372093,84,54,0.39864864864864863,69,75,0.5194805194805194,55,65,0.5384615384615384,55,60,0.52,94,59,0.39263803680981596,86,57,0.40522875816993464,73,76,0.5094339622641509,69,47,0.4126984126984127,39,20,0.36231884057971014,24,9,0.32558139534883723,15,13,0.47368421052631576,6,8,0.5416666666666666,117,126,0.5177865612648221,119,128,0.5175097276264592,125,143,0.5323741007194245,108,132,0.548,112,104,0.4823008849557522,93,102,0.5219512195121951,88,68,0.4397590361445783,11,6,0,0,0,7,5,19,45,108,76,76,138,144,120,115,153,143,149,116,59,33,28,14,243,247,268,240,216,195,156
3055,1812,1421,3233,0.4397163120567376,34.063389,-118.23616000000001,16,51,0.7272727272727273,15,20,0.5555555555555556,26,24,0.48333333333333334,17,17,0.5,5,5,0.5,5,2,0.4117647058823529,18,17,0.4888888888888889,57,18,0.27058823529411763,184,24,0.13302752293577982,174,33,0.17511520737327188,89,48,0.36054421768707484,78,68,0.46794871794871795,111,84,0.43414634146341463,123,79,0.39622641509433965,94,71,0.4342857142857143,74,79,0.5153374233128835,99,79,0.44680851063829785,161,121,0.4315068493150685,179,136,0.4338461538461538,105,129,0.5491803278688525,65,101,0.6022727272727273,54,62,0.5317460317460317,31,60,0.6435643564356436,32,93,0.725925925925926,238,175,0.425531914893617,268,201,0.430062630480167,278,207,0.42828282828282827,279,227,0.4496124031007752,289,210,0.4223968565815324,251,230,0.4786150712830957,209,171,0.4512820512820513,67,35,50,34,10,7,35,75,208,207,137,146,195,202,165,153,178,282,315,234,166,116,91,125,413,469,485,506,499,481,380
3056,785,780,1565,0.4984126984126984,34.044701,-118.25244099999999,5,7,0.5454545454545454,2,5,0.5882352941176471,0,17,0.8148148148148148,0,4,0.6428571428571429,0,1,0.5454545454545454,3,0,0.38461538461538464,8,4,0.4090909090909091,11,107,0.875,43,82,0.6444444444444445,40,20,0.35714285714285715,19,14,0.4418604651162791,42,27,0.4050632911392405,140,43,0.24870466321243523,62,126,0.6616161616161617,39,32,0.4567901234567901,66,21,0.26804123711340205,173,55,0.25210084033613445,44,92,0.6643835616438356,20,48,0.6794871794871795,14,19,0.5581395348837209,28,16,0.3888888888888889,14,18,0.5476190476190477,8,13,0.5806451612903226,4,9,0.6086956521739131,113,116,0.5062761506276151,117,127,0.5196850393700787,140,145,0.5084745762711864,154,141,0.4786885245901639,145,141,0.49324324324324326,72,78,0.51875,44,32,0.43023255813953487,12,7,17,4,1,3,12,118,125,60,33,69,183,188,71,87,228,136,68,33,44,32,21,13,229,244,285,295,286,150,76
3057,295,362,657,0.5502248875562219,34.035678999999995,-118.27081299999999,5,13,0.6428571428571429,4,7,0.5714285714285714,0,3,0.6153846153846154,1,1,0.5,0,5,0.6666666666666666,1,0,0.45454545454545453,9,1,0.3,11,4,0.36,24,6,0.275,26,12,0.3541666666666667,9,9,0.5,14,18,0.5476190476190477,19,14,0.4418604651162791,15,16,0.5121951219512195,24,14,0.3958333333333333,19,17,0.4782608695652174,31,41,0.5609756097560976,17,54,0.7283950617283951,22,31,0.5714285714285714,10,12,0.53125,17,17,0.5,7,13,0.6,5,23,0.7368421052631579,5,31,0.782608695652174,43,45,0.5102040816326531,40,46,0.53125,44,50,0.5288461538461539,31,59,0.64,51,54,0.5130434782608696,44,62,0.5775862068965517,42,46,0.5204081632653061,18,11,3,2,5,1,10,15,30,38,18,32,33,31,38,36,72,71,53,22,34,20,28,36,88,86,94,90,105,106,88
3058,1011,1041,2052,0.507274490785645,34.048851,-118.246422,1,8,0.6842105263157895,1,4,0.6,0,1,0.5454545454545454,0,1,0.5454545454545454,2,0,0.4166666666666667,6,0,0.3125,10,18,0.6052631578947368,24,16,0.42,22,88,0.775,45,37,0.45652173913043476,58,37,0.4,52,43,0.45714285714285713,86,90,0.510752688172043,120,79,0.4019138755980861,101,130,0.5601659751037344,78,82,0.5117647058823529,84,52,0.3904109589041096,91,85,0.4838709677419355,87,87,0.5,52,72,0.5746268656716418,34,37,0.5185185185185185,34,40,0.5357142857142857,14,28,0.6346153846153846,9,6,0.44,121,110,0.47717842323651455,128,136,0.5145985401459854,134,146,0.5206896551724138,130,139,0.5161290322580645,158,172,0.5205882352941177,197,181,0.4793814432989691,143,157,0.5225806451612903,9,5,1,1,2,6,28,40,110,82,95,95,176,199,231,160,136,176,174,124,71,74,42,15,231,264,280,269,330,378,300
3059,167,167,334,0.5,34.04211,-118.25618700000001,4,0,0.35714285714285715,0,0,0.5,0,0,0.5,0,0,0.5,0,0,0.5,0,0,0.5,0,1,0.5454545454545454,7,0,0.29411764705882354,0,1,0.5454545454545454,6,3,0.42105263157894735,10,14,0.5588235294117647,10,16,0.5833333333333334,15,11,0.4444444444444444,16,15,0.4878048780487805,17,30,0.6140350877192983,19,27,0.5714285714285714,26,24,0.48333333333333334,16,9,0.4,6,4,0.45,3,3,0.5,7,4,0.42857142857142855,1,1,0.5,2,3,0.5333333333333333,2,1,0.46153846153846156,22,13,0.4,16,18,0.5227272727272727,23,19,0.46153846153846156,19,16,0.4666666666666667,20,28,0.5689655172413793,44,51,0.5333333333333333,23,22,0.4909090909090909,4,0,0,0,0,0,1,7,1,9,24,26,26,31,47,46,50,25,10,6,11,2,5,3,35,34,42,35,48,95,45
3060,235,251,486,0.5161290322580645,34.046822,-118.248352,1,1,0.5,0,2,0.5833333333333334,0,1,0.5454545454545454,0,0,0.5,0,0,0.5,1,0,0.45454545454545453,0,0,0.5,0,30,0.875,3,14,0.7037037037037037,4,19,0.7272727272727273,7,12,0.5862068965517241,17,23,0.56,22,28,0.55,23,22,0.4909090909090909,9,18,0.6216216216216216,23,28,0.5409836065573771,23,27,0.5333333333333333,36,11,0.2807017543859649,56,8,0.17567567567567569,2,1,0.46153846153846156,2,3,0.5333333333333333,3,1,0.42857142857142855,1,2,0.5384615384615384,2,0,0.4166666666666667,33,40,0.5421686746987951,35,35,0.5,35,39,0.5238095238095238,41,43,0.5106382978723404,46,58,0.5526315789473685,27,21,0.4482758620689655,18,15,0.46511627906976744,2,2,1,0,0,1,0,30,17,23,19,40,50,45,27,51,50,47,64,3,5,4,3,2,73,70,74,84,104,48,33
3061,58,53,111,0.4793388429752066,34.04472,-118.26624299999999,0,0,0.5,0,0,0.5,0,0,0.5,0,0,0.5,0,0,0.5,0,0,0.5,0,0,0.5,1,2,0.5384615384615384,1,3,0.5714285714285714,0,2,0.5833333333333334,2,1,0.46153846153846156,5,4,0.47368421052631576,8,4,0.4090909090909091,0,0,0.5,6,7,0.5217391304347826,1,0,0.45454545454545453,7,5,0.45454545454545453,0,3,0.6153846153846154,6,11,0.5925925925925926,5,4,0.47368421052631576,13,2,0.28,0,2,0.5833333333333334,3,3,0.5,0,0,0.5,2,2,0.5,5,4,0.47368421052631576,11,11,0.5,13,14,0.5135135135135135,15,9,0.4117647058823529,7,11,0.5714285714285714,5,2,0.4117647058823529,0,0,0,0,0,0,0,3,4,2,3,9,12,0,13,1,12,3,17,9,15,2,6,0,4,9,22,27,24,18,7
3062,1655,1606,3261,0.4925099357994497,34.047748999999996,-118.243172,22,30,0.5645161290322581,12,11,0.48484848484848486,8,7,0.48,4,6,0.55,13,5,0.35714285714285715,10,2,0.3181818181818182,29,9,0.2916666666666667,42,10,0.24193548387096775,176,113,0.39464882943143814,112,35,0.25477707006369427,60,36,0.3867924528301887,85,56,0.40397350993377484,113,84,0.42995169082125606,115,113,0.4957983193277311,88,100,0.5303030303030303,109,106,0.49333333333333335,137,140,0.5052264808362369,185,158,0.46175637393767704,98,220,0.6859756097560976,69,144,0.6681614349775785,58,88,0.5961538461538461,61,57,0.484375,37,46,0.5483870967741935,12,30,0.6730769230769231,255,235,0.48,261,234,0.47326732673267324,260,244,0.48443579766536965,227,244,0.5176715176715176,260,259,0.499054820415879,223,226,0.5032679738562091,169,164,0.49271137026239065,52,23,15,10,18,12,38,52,289,147,96,141,197,228,188,215,277,343,318,213,146,118,83,42,490,495,504,471,519,449,333
3063,2037,2936,4973,0.5902067027894843,34.049198,-118.252831,22,31,0.5714285714285714,34,22,0.4090909090909091,13,20,0.5813953488372093,12,4,0.34615384615384615,4,4,0.5,4,6,0.55,12,19,0.5853658536585366,23,149,0.8461538461538461,41,356,0.8869778869778869,59,239,0.7922077922077922,105,116,0.5238095238095238,127,129,0.5037593984962406,153,206,0.5718157181571816,157,183,0.5371428571428571,135,177,0.5652173913043478,114,168,0.5924657534246576,194,226,0.5372093023255814,231,224,0.4924731182795699,209,189,0.47549019607843135,149,133,0.4726027397260274,85,100,0.5384615384615384,66,96,0.5872093023255814,58,72,0.55,30,67,0.6728971962616822,268,390,0.5913173652694611,287,457,0.6127320954907162,311,459,0.5948717948717949,283,453,0.613941018766756,301,478,0.6121673003802282,329,403,0.5498652291105122,258,296,0.5336879432624113,53,56,33,16,8,10,31,172,397,298,221,256,359,340,312,282,420,455,398,282,185,162,130,97,658,744,770,736,779,732,554
3064,3111,2948,6059,0.48657109902784645,34.05088,-118.248253,55,11,0.21052631578947367,30,22,0.43548387096774194,9,3,0.36363636363636365,13,6,0.3793103448275862,6,4,0.45,12,5,0.37037037037037035,13,8,0.41935483870967744,28,40,0.5769230769230769,95,117,0.5495495495495496,145,163,0.5283018867924528,141,103,0.4251968503937008,156,148,0.4872611464968153,297,293,0.49666666666666665,231,224,0.4924731182795699,202,201,0.49878934624697335,168,180,0.5167597765363129,208,256,0.5506329113924051,251,245,0.49407114624505927,295,281,0.4880546075085324,254,218,0.46265560165975106,182,203,0.5265822784810127,193,115,0.37735849056603776,67,42,0.3949579831932773,60,60,0.5,426,414,0.4929411764705882,493,449,0.47689075630252103,454,426,0.4842696629213483,468,440,0.48474945533769065,436,454,0.51,413,404,0.49455864570737607,421,361,0.4621212121212121,66,52,12,19,10,17,21,68,212,308,244,304,590,455,403,348,464,496,576,472,385,308,109,120,840,942,880,908,890,817,782
3065,560,570,1130,0.5043859649122807,34.058319,-118.246094,9,11,0.5333333333333333,2,4,0.5625,8,2,0.35,2,3,0.5333333333333333,1,0,0.45454545454545453,0,1,0.5454545454545454,3,0,0.38461538461538464,8,7,0.48,7,1,0.3333333333333333,4,10,0.625,11,26,0.6595744680851063,28,34,0.5416666666666666,54,64,0.5390625,55,41,0.4339622641509434,57,32,0.37373737373737376,47,59,0.5517241379310345,51,57,0.5254237288135594,42,43,0.5052631578947369,33,47,0.5777777777777777,58,31,0.36363636363636365,34,36,0.5125,28,33,0.5352112676056338,9,16,0.6,9,12,0.5483870967741935,55,57,0.5081967213114754,56,45,0.45045045045045046,79,93,0.5384615384615384,67,75,0.5263157894736842,92,104,0.529126213592233,112,108,0.49130434782608695,99,88,0.4720812182741117,20,6,10,5,1,1,3,15,8,14,37,62,118,96,89,106,108,85,80,89,70,61,25,21,112,101,172,142,196,220,187
3066,1265,1215,2480,0.4899598393574297,34.063389,-118.23616000000001,9,13,0.5625,8,25,0.6976744186046512,4,12,0.6538461538461539,1,1,0.5,2,0,0.4166666666666667,5,0,0.3333333333333333,33,4,0.19148936170212766,133,39,0.24175824175824176,112,34,0.25,75,42,0.3700787401574803,39,50,0.5555555555555556,38,39,0.5057471264367817,76,56,0.4295774647887324,63,76,0.5436241610738255,81,100,0.5497382198952879,86,68,0.4451219512195122,89,133,0.5948275862068966,118,152,0.5607142857142857,114,128,0.5277777777777778,66,79,0.5419354838709678,41,78,0.6434108527131783,30,34,0.527027027027027,31,20,0.4098360655737705,11,32,0.6981132075471698,184,154,0.45689655172413796,168,150,0.4725609756097561,184,173,0.48501362397820164,184,193,0.5116279069767442,199,179,0.4742268041237113,205,220,0.5172413793103449,141,146,0.5084175084175084,22,33,16,2,2,5,37,172,146,117,89,77,132,139,181,154,222,270,242,145,119,64,51,43,338,318,357,377,378,425,287
3067,2230,1972,4202,0.46937321937321935,34.045181,-118.25023700000001,18,43,0.676056338028169,31,26,0.4626865671641791,13,11,0.47058823529411764,11,17,0.5789473684210527,19,5,0.29411764705882354,28,5,0.23255813953488372,42,18,0.32857142857142857,119,34,0.2392638036809816,157,52,0.2602739726027397,125,40,0.2571428571428571,107,49,0.3253012048192771,127,79,0.3888888888888889,159,136,0.46229508196721314,158,130,0.45302013422818793,147,102,0.41312741312741313,124,93,0.43171806167400884,121,128,0.5135135135135135,135,210,0.6056338028169014,177,181,0.5054347826086957,167,178,0.5154929577464789,92,145,0.6072874493927125,66,123,0.6432160804020101,56,90,0.6089743589743589,31,77,0.6949152542372882,284,284,0.5,332,280,0.45819935691318325,329,278,0.4586709886547812,357,281,0.44135802469135804,308,277,0.47394957983193275,311,283,0.4768211920529801,309,289,0.48355263157894735,61,57,24,28,24,33,60,153,209,165,156,206,295,288,249,217,249,345,358,345,237,189,146,108,568,612,607,638,585,594,598
3068,2703,649,3352,0.19452706722189173,34.0532,-118.25095400000001,20,7,0.32432432432432434,17,5,0.3125,3,1,0.42857142857142855,2,1,0.46153846153846156,2,0,0.4166666666666667,3,2,0.4666666666666667,16,3,0.27586206896551724,106,20,0.18382352941176472,103,22,0.2,75,17,0.21568627450980393,70,35,0.34782608695652173,104,25,0.2158273381294964,234,70,0.23885350318471338,191,69,0.2740740740740741,157,38,0.2097560975609756,142,51,0.27586206896551724,221,45,0.18115942028985507,412,55,0.12578616352201258,250,38,0.14429530201342283,181,56,0.24696356275303644,146,33,0.20105820105820105,122,29,0.2111801242236025,88,16,0.18421052631578946,38,11,0.2711864406779661,407,78,0.16767676767676767,418,73,0.15568862275449102,447,80,0.15828677839851024,461,87,0.16487455197132617,389,81,0.17916666666666667,333,161,0.32936507936507936,248,89,0.27089337175792505,27,22,4,3,2,5,19,126,125,92,105,129,304,260,195,193,266,467,288,237,179,151,104,49,485,491,527,548,470,494,337
3069,3183,3326,6509,0.510967939868078,34.05088,-118.248253,31,20,0.4098360655737705,24,24,0.5,15,4,0.3103448275862069,4,1,0.4,0,0,0.5,2,17,0.7586206896551724,6,18,0.6764705882352942,91,65,0.42168674698795183,89,100,0.5276381909547738,160,267,0.6224256292906178,107,198,0.6444444444444445,171,213,0.5532994923857868,288,301,0.5108514190317195,269,316,0.5394957983193277,250,238,0.4879518072289157,216,248,0.5337552742616034,288,227,0.4419047619047619,227,238,0.511578947368421,310,300,0.49193548387096775,197,236,0.5440180586907449,172,126,0.4253246753246753,125,76,0.38388625592417064,93,67,0.4235294117647059,48,26,0.36904761904761907,370,422,0.5324189526184538,379,370,0.49407114624505927,427,475,0.5263157894736842,402,455,0.5305651672433679,516,490,0.48720472440944884,604,650,0.5181962025316456,485,464,0.48905109489051096,51,48,19,5,0,19,24,156,189,427,305,384,589,585,488,464,515,465,610,433,298,201,160,74,792,749,902,857,1006,1254,949
3074,1643,1457,3100,0.470096463022508,34.04417,-118.261169,33,39,0.5365853658536586,35,19,0.375,2,1,0.46153846153846156,0,5,0.6666666666666666,0,23,0.8484848484848485,27,3,0.2,35,18,0.36507936507936506,107,37,0.2727272727272727,48,39,0.4536082474226804,56,55,0.49586776859504134,53,34,0.4020618556701031,72,70,0.4934210526315789,93,94,0.5025380710659898,106,77,0.42487046632124353,115,85,0.42857142857142855,99,101,0.5047619047619047,130,120,0.4807692307692308,95,102,0.5169082125603864,164,154,0.4847560975609756,93,133,0.5847457627118644,84,97,0.5340314136125655,76,64,0.46,73,50,0.41353383458646614,47,37,0.44680851063829785,219,199,0.4766355140186916,220,221,0.5011086474501109,254,219,0.463768115942029,233,198,0.4603174603174603,264,223,0.45875251509054327,225,198,0.46882217090069284,228,199,0.4668192219679634,72,54,3,5,23,30,53,144,87,111,87,142,187,183,200,200,250,197,318,226,181,140,123,84,418,441,473,431,487,423,427
3075,1393,1624,3017,0.5381565906838454,34.04211,-118.25618700000001,23,23,0.5,17,24,0.5686274509803921,6,6,0.5,0,5,0.6666666666666666,1,3,0.5714285714285714,10,6,0.4230769230769231,20,7,0.32432432432432434,32,23,0.4307692307692308,48,127,0.7135135135135136,44,186,0.7958333333333333,80,118,0.5913461538461539,59,63,0.5151515151515151,85,116,0.5734597156398105,117,97,0.45535714285714285,84,96,0.531578947368421,74,81,0.5212121212121212,107,107,0.5,154,114,0.42805755395683454,142,105,0.4280155642023346,116,115,0.4979253112033195,70,67,0.4897959183673469,57,64,0.5267175572519084,23,39,0.6111111111111112,24,32,0.5606060606060606,192,193,0.5012658227848101,202,239,0.541019955654102,201,253,0.5560344827586207,201,246,0.5492341356673961,219,270,0.5511022044088176,220,241,0.5222929936305732,158,182,0.5342857142857143,46,41,12,5,4,16,27,55,175,230,198,122,201,214,180,155,214,268,247,231,137,121,62,56,385,441,454,447,489,461,340
3076,1138,1213,2351,0.5158831003811944,34.0406,-118.25383799999999,10,11,0.5161290322580645,8,13,0.5806451612903226,3,6,0.5789473684210527,6,6,0.5,6,6,0.5,3,5,0.5555555555555556,6,14,0.6333333333333333,20,70,0.75,119,83,0.41509433962264153,48,63,0.5619834710743802,48,75,0.6015037593984962,49,79,0.6086956521739131,71,147,0.6666666666666666,102,93,0.47804878048780486,80,83,0.5086705202312138,103,85,0.45454545454545453,137,62,0.32057416267942584,109,90,0.45454545454545453,90,88,0.4946808510638298,40,33,0.4578313253012048,31,42,0.5662650602409639,22,19,0.47058823529411764,13,22,0.6,14,18,0.5476190476190477,161,185,0.5337078651685393,145,166,0.5327102803738317,176,183,0.5094850948509485,184,168,0.47790055248618785,195,229,0.5391705069124424,154,153,0.49842271293375395,123,129,0.5114503816793893,21,21,9,12,12,8,20,90,202,111,123,128,218,195,163,188,199,199,178,73,73,41,35,32,346,311,359,352,424,307,252
3077,436,500,936,0.5338266384778013,34.044701,-118.25244099999999,3,18,0.7419354838709677,3,4,0.5294117647058824,2,3,0.5333333333333333,2,4,0.5625,1,2,0.5384615384615384,1,1,0.5,13,5,0.35714285714285715,4,11,0.64,11,15,0.5555555555555556,20,20,0.5,28,26,0.484375,33,41,0.5476190476190477,30,47,0.5977011494252874,46,58,0.5526315789473685,36,30,0.4605263157894737,31,35,0.5263157894736842,48,47,0.49523809523809526,45,29,0.40476190476190477,27,31,0.5294117647058824,14,19,0.5581395348837209,18,17,0.4888888888888889,6,18,0.6764705882352942,8,9,0.5185185185185185,6,10,0.5769230769230769,60,68,0.5289855072463768,62,61,0.49624060150375937,67,66,0.4965034965034965,62,78,0.5533333333333333,49,56,0.5304347826086957,67,88,0.5636363636363636,69,83,0.5432098765432098,21,7,5,6,3,2,18,15,26,40,54,74,77,104,66,66,95,74,58,33,35,24,17,16,128,123,133,140,105,155,152
3078,716,642,1358,0.472953216374269,34.064281,-118.238937,13,17,0.55,16,6,0.34375,11,2,0.30434782608695654,1,3,0.5714285714285714,3,0,0.38461538461538464,1,1,0.5,1,1,0.5,19,7,0.3333333333333333,9,7,0.46153846153846156,11,16,0.5675675675675675,14,12,0.4722222222222222,21,13,0.4090909090909091,23,41,0.6216216216216216,30,18,0.39655172413793105,48,41,0.46464646464646464,56,37,0.4077669902912621,80,61,0.4370860927152318,88,60,0.41139240506329117,93,74,0.4463276836158192,82,82,0.5,19,65,0.7446808510638298,28,42,0.5875,30,25,0.46153846153846156,19,11,0.4,64,80,0.551948051948052,88,81,0.48044692737430167,80,87,0.519774011299435,94,81,0.4648648648648649,109,88,0.4492753623188406,166,125,0.4318936877076412,115,100,0.4666666666666667,30,22,13,4,3,2,2,26,16,27,26,34,64,48,89,93,141,148,167,164,84,70,55,30,144,169,167,175,197,291,215
3079,432,476,908,0.5239651416122004,34.048851,-118.246422,15,13,0.47368421052631576,5,7,0.5454545454545454,2,2,0.5,0,1,0.5454545454545454,1,1,0.5,1,12,0.7391304347826086,0,9,0.7368421052631579,6,10,0.5769230769230769,8,19,0.6486486486486487,9,25,0.6818181818181818,8,13,0.5806451612903226,22,14,0.41304347826086957,28,23,0.45901639344262296,17,42,0.6811594202898551,37,25,0.4166666666666667,37,41,0.5227272727272727,39,22,0.38028169014084506,34,35,0.5063291139240507,54,58,0.5163934426229508,32,42,0.5595238095238095,23,27,0.5333333333333333,21,20,0.49019607843137253,20,7,0.32432432432432434,13,8,0.41935483870967744,44,52,0.5377358490566038,67,62,0.48201438848920863,80,81,0.5029239766081871,76,74,0.49375,56,84,0.5933333333333334,67,71,0.5135135135135135,42,52,0.5480769230769231,28,12,4,1,2,13,9,16,27,34,21,36,51,59,62,78,61,69,112,74,50,41,27,21,96,129,161,150,140,138,94
3080,111,103,214,0.48214285714285715,34.034209999999995,-118.254593,1,3,0.5714285714285714,2,1,0.46153846153846156,0,0,0.5,0,0,0.5,0,0,0.5,0,0,0.5,0,0,0.5,3,4,0.5294117647058824,2,5,0.5882352941176471,3,5,0.5555555555555556,9,8,0.48148148148148145,4,3,0.47058823529411764,8,9,0.5185185185185185,9,11,0.5333333333333333,13,7,0.4,9,4,0.391304347826087,15,8,0.3939393939393939,12,5,0.37037037037037035,5,15,0.6666666666666666,3,6,0.5789473684210527,4,3,0.47058823529411764,2,5,0.5882352941176471,2,1,0.46153846153846156,5,0,0.3333333333333333,13,12,0.4857142857142857,13,16,0.5384615384615384,22,23,0.509090909090909,11,15,0.5555555555555556,29,15,0.37037037037037035,15,14,0.48717948717948717,8,8,0.5,4,3,0,0,0,0,0,7,7,8,17,7,17,20,20,13,23,17,20,9,7,7,3,5,25,29,45,26,44,29,16
3081,382,378,760,0.4974025974025974,34.056969,-118.253593,1,5,0.625,1,2,0.5384615384615384,0,1,0.5454545454545454,0,1,0.5454545454545454,0,1,0.5454545454545454,0,0,0.5,2,0,0.4166666666666667,7,7,0.5,23,135,0.8333333333333334,16,26,0.5961538461538461,18,6,0.3235294117647059,18,13,0.43902439024390244,20,18,0.4791666666666667,24,11,0.35555555555555557,13,24,0.6170212765957447,18,20,0.5208333333333334,41,22,0.3698630136986301,71,32,0.3274336283185841,79,23,0.25,10,10,0.5,10,9,0.4827586206896552,3,3,0.5,3,4,0.5294117647058824,4,5,0.5263157894736842,60,50,0.4583333333333333,69,72,0.5099337748344371,67,77,0.5324675324675324,84,71,0.46060606060606063,58,61,0.5116279069767442,25,24,0.4915254237288136,19,23,0.5384615384615384,6,3,1,1,1,0,2,14,158,42,24,31,38,35,37,38,63,103,102,20,19,6,7,9,110,141,144,155,119,49,42
3082,3508,4078,7586,0.5375197472353871,34.04652,-118.23741100000001,78,75,0.49079754601226994,53,47,0.4727272727272727,59,28,0.3402061855670103,27,5,0.23809523809523808,3,7,0.6,9,5,0.4166666666666667,90,16,0.1810344827586207,210,16,0.08898305084745763,181,42,0.2017167381974249,185,172,0.4822888283378747,104,105,0.502283105022831,148,187,0.5565217391304348,189,243,0.5610859728506787,223,263,0.5403225806451613,188,275,0.5919661733615222,237,293,0.5518518518518518,228,313,0.5771324863883848,290,426,0.59366391184573,281,376,0.5712143928035982,202,325,0.6145251396648045,170,355,0.6728971962616822,139,232,0.6220472440944882,134,171,0.5587301587301587,80,101,0.5549738219895288,404,448,0.525522041763341,419,557,0.5699797160243407,479,526,0.5231527093596059,465,553,0.5428015564202334,523,621,0.5424610051993067,663,746,0.529245947850599,555,627,0.5302013422818792,153,100,87,32,10,14,106,226,223,357,209,335,432,486,463,530,541,716,657,527,525,371,305,181,852,976,1005,1018,1144,1409,1182
4108,98,141,239,0.5863453815261044,34.04855,-118.25904799999999,0,0,0.5,0,0,0.5,0,0,0.5,0,0,0.5,0,0,0.5,0,0,0.5,0,2,0.5833333333333334,0,7,0.7058823529411765,1,14,0.76,7,12,0.5862068965517241,9,12,0.5483870967741935,7,9,0.5384615384615384,5,8,0.5652173913043478,8,16,0.6176470588235294,10,12,0.53125,8,12,0.5666666666666667,8,3,0.38095238095238093,13,8,0.41935483870967744,7,5,0.45454545454545453,5,7,0.5454545454545454,2,4,0.5625,8,10,0.5357142857142857,0,0,0.5,0,0,0.5,20,28,0.5689655172413793,18,24,0.5576923076923077,20,30,0.5833333333333334,13,18,0.5609756097560976,13,16,0.5384615384615384,5,11,0.6153846153846154,9,14,0.5757575757575758,0,0,0,0,0,0,2,7,15,19,21,16,13,24,22,20,11,21,12,12,6,18,0,0,48,42,50,31,29,16,23
4138,1,1,2,0.5,34.145691,-118.14823899999999,0,0,0.5,0,0,0.5,0,0,0.5,0,0,0.5,0,0,0.5,0,0,0.5,0,0,0.5,0,0,0.5,0,0,0.5,0,0,0.5,0,0,0.5,0,0,0.5,1,1,0.5,0,0,0.5,0,0,0.5,0,0,0.5,0,0,0.5,0,0,0.5,0,0,0.5,0,0,0.5,0,0,0.5,0,0,0.5,0,0,0.5,0,0,0.5,0,0,0.5,1,1,0.5,0,0,0.5,0,0,0.5,0,0,0.5,0,0,0.5,0,0,0.5,0,0,0,0,0,0,0,0,0,0,0,0,2,0,0,0,0,0,0,0,0,0,0,0,0,2,0,0,0,0,0
4142,1,1,2,0.5,34.144588,-118.14459199999999,0,0,0.5,0,0,0.5,0,0,0.5,0,0,0.5,0,0,0.5,0,0,0.5,0,0,0.5,0,0,0.5,0,0,0.5,0,0,0.5,0,0,0.5,0,0,0.5,1,0,0.45454545454545453,0,1,0.5454545454545454,0,0,0.5,0,0,0.5,0,0,0.5,0,0,0.5,0,0,0.5,0,0,0.5,0,0,0.5,0,0,0.5,0,0,0.5,0,0,0.5,0,0,0.5,0,0,0.5,0,0,0.5,0,0,0.5,1,1,0.5,0,0,0.5,0,0,0.5,0,0,0,0,0,0,0,0,0,0,0,0,1,1,0,0,0,0,0,0,0,0,0,0,0,0,0,0,2,0,0
4143,2,2,4,0.5,34.145748,-118.144287,0,0,0.5,0,0,0.5,0,0,0.5,0,0,0.5,0,0,0.5,0,0,0.5,0,0,0.5,0,0,0.5,0,0,0.5,0,0,0.5,0,0,0.5,0,0,0.5,0,0,0.5,2,2,0.5,0,0,0.5,0,0,0.5,0,0,0.5,0,0,0.5,0,0,0.5,0,0,0.5,0,0,0.5,0,0,0.5,0,0,0.5,0,0,0.5,0,0,0.5,0,0,0.5,0,0,0.5,2,2,0.5,0,0,0.5,0,0,0.5,0,0,0.5,0,0,0,0,0,0,0,0,0,0,0,0,0,4,0,0,0,0,0,0,0,0,0,0,0,0,0,4,0,0,0
4144,1,1,2,0.5,34.142399,-118.13265200000001,0,0,0.5,0,0,0.5,0,0,0.5,0,0,0.5,0,0,0.5,0,0,0.5,0,0,0.5,0,0,0.5,0,0,0.5,0,0,0.5,0,0,0.5,0,0,0.5,0,0,0.5,0,0,0.5,0,0,0.5,0,0,0.5,0,0,0.5,0,0,0.5,1,1,0.5,0,0,0.5,0,0,0.5,0,0,0.5,0,0,0.5,0,0,0.5,0,0,0.5,0,0,0.5,0,0,0.5,1,1,0.5,0,0,0.5,0,0,0.5,0,0,0.5,0,0,0,0,0,0,0,0,0,0,0,0,0,0,0,0,0,0,2,0,0,0,0,0,0,0,0,2,0,0,0
4146,3,3,6,0.5,34.147652,-118.145569,0,0,0.5,0,0,0.5,0,0,0.5,0,0,0.5,0,0,0.5,0,0,0.5,0,0,0.5,0,0,0.5,0,0,0.5,0,0,0.5,0,0,0.5,0,0,0.5,0,0,0.5,0,0,0.5,0,0,0.5,0,0,0.5,0,0,0.5,3,3,0.5,0,0,0.5,0,0,0.5,0,0,0.5,0,0,0.5,0,0,0.5,0,0,0.5,0,0,0.5,0,0,0.5,3,3,0.5,0,0,0.5,0,0,0.5,0,0,0.5,0,0,0.5,0,0,0,0,0,0,0,0,0,0,0,0,0,0,0,0,0,6,0,0,0,0,0,0,0,0,6,0,0,0,0
4148,2,2,4,0.5,34.14962,-118.14431,0,0,0.5,0,0,0.5,0,0,0.5,0,0,0.5,0,0,0.5,0,0,0.5,0,0,0.5,0,0,0.5,0,0,0.5,0,0,0.5,0,0,0.5,0,0,0.5,2,2,0.5,0,0,0.5,0,0,0.5,0,0,0.5,0,0,0.5,0,0,0.5,0,0,0.5,0,0,0.5,0,0,0.5,0,0,0.5,0,0,0.5,0,0,0.5,0,0,0.5,0,0,0.5,2,2,0.5,0,0,0.5,0,0,0.5,0,0,0.5,0,0,0.5,0,0,0,0,0,0,0,0,0,0,0,0,4,0,0,0,0,0,0,0,0,0,0,0,0,0,4,0,0,0,0
4150,3,3,6,0.5,34.154270000000004,-118.142151,0,0,0.5,0,0,0.5,0,0,0.5,0,0,0.5,0,0,0.5,0,0,0.5,0,0,0.5,0,0,0.5,0,0,0.5,0,0,0.5,0,0,0.5,0,0,0.5,3,3,0.5,0,0,0.5,0,0,0.5,0,0,0.5,0,0,0.5,0,0,0.5,0,0,0.5,0,0,0.5,0,0,0.5,0,0,0.5,0,0,0.5,0,0,0.5,0,0,0.5,0,0,0.5,3,3,0.5,0,0,0.5,0,0,0.5,0,0,0.5,0,0,0.5,0,0,0,0,0,0,0,0,0,0,0,0,6,0,0,0,0,0,0,0,0,0,0,0,0,0,6,0,0,0,0
4151,4,4,8,0.5,34.142361,-118.14151000000001,0,0,0.5,0,0,0.5,0,0,0.5,0,0,0.5,0,0,0.5,0,0,0.5,0,0,0.5,0,0,0.5,0,0,0.5,0,0,0.5,0,0,0.5,0,0,0.5,4,4,0.5,0,0,0.5,0,0,0.5,0,0,0.5,0,0,0.5,0,0,0.5,0,0,0.5,0,0,0.5,0,0,0.5,0,0,0.5,0,0,0.5,0,0,0.5,0,0,0.5,0,0,0.5,0,0,0.5,4,4,0.5,0,0,0.5,0,0,0.5,0,0,0.5,0,0,0,0,0,0,0,0,0,0,0,0,8,0,0,0,0,0,0,0,0,0,0,0,0,0,0,8,0,0,0
4155,2,1,3,0.46153846153846156,34.147812,-118.132217,0,0,0.5,0,0,0.5,0,0,0.5,0,0,0.5,0,0,0.5,0,0,0.5,0,0,0.5,0,0,0.5,0,0,0.5,0,0,0.5,0,0,0.5,0,0,0.5,2,1,0.46153846153846156,0,0,0.5,0,0,0.5,0,0,0.5,0,0,0.5,0,0,0.5,0,0,0.5,0,0,0.5,0,0,0.5,0,0,0.5,0,0,0.5,0,0,0.5,2,1,0.46153846153846156,0,0,0.5,0,0,0.5,0,0,0.5,0,0,0.5,0,0,0.5,0,0,0.5,0,0,0,0,0,0,0,0,0,0,0,0,3,0,0,0,0,0,0,0,0,0,0,0,3,0,0,0,0,0,0
4156,2,3,5,0.5333333333333333,34.14991,-118.13838999999999,0,0,0.5,0,0,0.5,0,0,0.5,0,0,0.5,0,0,0.5,0,0,0.5,0,0,0.5,0,0,0.5,0,0,0.5,0,0,0.5,0,0,0.5,0,0,0.5,2,3,0.5333333333333333,0,0,0.5,0,0,0.5,0,0,0.5,0,0,0.5,0,0,0.5,0,0,0.5,0,0,0.5,0,0,0.5,0,0,0.5,0,0,0.5,0,0,0.5,0,0,0.5,2,3,0.5333333333333333,0,0,0.5,0,0,0.5,0,0,0.5,0,0,0.5,0,0,0.5,0,0,0,0,0,0,0,0,0,0,0,0,5,0,0,0,0,0,0,0,0,0,0,0,0,5,0,0,0,0,0
4157,3,4,7,0.5294117647058824,34.140999,-118.13208799999998,0,0,0.5,0,0,0.5,0,0,0.5,0,0,0.5,0,0,0.5,0,0,0.5,0,0,0.5,0,0,0.5,0,0,0.5,0,0,0.5,0,0,0.5,0,0,0.5,0,0,0.5,0,0,0.5,3,4,0.5294117647058824,0,0,0.5,0,0,0.5,0,0,0.5,0,0,0.5,0,0,0.5,0,0,0.5,0,0,0.5,0,0,0.5,0,0,0.5,3,4,0.5294117647058824,0,0,0.5,0,0,0.5,0,0,0.5,0,0,0.5,0,0,0.5,0,0,0.5,0,0,0,0,0,0,0,0,0,0,0,0,0,0,7,0,0,0,0,0,0,0,0,0,7,0,0,0,0,0,0
4159,3,3,6,0.5,34.145901,-118.11653899999999,0,0,0.5,0,0,0.5,0,0,0.5,0,0,0.5,0,0,0.5,0,0,0.5,0,0,0.5,0,0,0.5,0,0,0.5,0,0,0.5,0,0,0.5,0,0,0.5,3,3,0.5,0,0,0.5,0,0,0.5,0,0,0.5,0,0,0.5,0,0,0.5,0,0,0.5,0,0,0.5,0,0,0.5,0,0,0.5,0,0,0.5,0,0,0.5,0,0,0.5,0,0,0.5,3,3,0.5,0,0,0.5,0,0,0.5,0,0,0.5,0,0,0.5,0,0,0,0,0,0,0,0,0,0,0,0,6,0,0,0,0,0,0,0,0,0,0,0,0,0,6,0,0,0,0
4160,2,2,4,0.5,34.133010999999996,-118.14856,0,0,0.5,0,0,0.5,0,0,0.5,0,0,0.5,0,0,0.5,0,0,0.5,0,0,0.5,0,0,0.5,0,0,0.5,0,0,0.5,0,0,0.5,2,2,0.5,0,0,0.5,0,0,0.5,0,0,0.5,0,0,0.5,0,0,0.5,0,0,0.5,0,0,0.5,0,0,0.5,0,0,0.5,0,0,0.5,0,0,0.5,0,0,0.5,0,0,0.5,0,0,0.5,0,0,0.5,2,2,0.5,0,0,0.5,0,0,0.5,0,0,0.5,0,0,0,0,0,0,0,0,0,0,0,4,0,0,0,0,0,0,0,0,0,0,0,0,0,0,0,4,0,0,0
4162,3,3,6,0.5,34.147498999999996,-118.14801000000001,0,0,0.5,0,0,0.5,0,0,0.5,0,0,0.5,0,0,0.5,0,0,0.5,0,0,0.5,0,0,0.5,0,0,0.5,0,0,0.5,0,0,0.5,0,0,0.5,0,0,0.5,0,0,0.5,0,0,0.5,0,0,0.5,0,0,0.5,3,3,0.5,0,0,0.5,0,0,0.5,0,0,0.5,0,0,0.5,0,0,0.5,0,0,0.5,0,0,0.5,0,0,0.5,3,3,0.5,0,0,0.5,0,0,0.5,0,0,0.5,0,0,0.5,0,0,0,0,0,0,0,0,0,0,0,0,0,0,0,0,0,6,0,0,0,0,0,0,0,0,6,0,0,0,0
4163,2,1,3,0.46153846153846156,34.150471,-118.132019,0,0,0.5,0,0,0.5,0,0,0.5,0,0,0.5,0,0,0.5,0,0,0.5,0,0,0.5,0,0,0.5,0,0,0.5,0,0,0.5,0,0,0.5,0,0,0.5,1,1,0.5,0,0,0.5,0,0,0.5,0,0,0.5,1,0,0.45454545454545453,0,0,0.5,0,0,0.5,0,0,0.5,0,0,0.5,0,0,0.5,0,0,0.5,0,0,0.5,0,0,0.5,0,0,0.5,0,0,0.5,0,0,0.5,2,1,0.46153846153846156,0,0,0.5,0,0,0.5,0,0,0,0,0,0,0,0,0,0,0,0,2,0,0,0,1,0,0,0,0,0,0,0,0,0,0,0,3,0,0
4165,1,1,2,0.5,34.14175,-118.14906299999998,0,0,0.5,0,0,0.5,0,0,0.5,0,0,0.5,0,0,0.5,0,0,0.5,0,0,0.5,0,0,0.5,0,0,0.5,0,0,0.5,0,0,0.5,0,0,0.5,1,1,0.5,0,0,0.5,0,0,0.5,0,0,0.5,0,0,0.5,0,0,0.5,0,0,0.5,0,0,0.5,0,0,0.5,0,0,0.5,0,0,0.5,0,0,0.5,0,0,0.5,0,0,0.5,0,0,0.5,1,1,0.5,0,0,0.5,0,0,0.5,0,0,0.5,0,0,0,0,0,0,0,0,0,0,0,0,2,0,0,0,0,0,0,0,0,0,0,0,0,0,0,2,0,0,0
4167,4,4,8,0.5,34.143822,-118.154099,0,0,0.5,0,0,0.5,0,0,0.5,0,0,0.5,0,0,0.5,0,0,0.5,0,0,0.5,0,0,0.5,0,0,0.5,0,0,0.5,0,0,0.5,0,0,0.5,0,0,0.5,0,0,0.5,0,0,0.5,0,0,0.5,4,4,0.5,0,0,0.5,0,0,0.5,0,0,0.5,0,0,0.5,0,0,0.5,0,0,0.5,0,0,0.5,0,0,0.5,0,0,0.5,0,0,0.5,4,4,0.5,0,0,0.5,0,0,0.5,0,0,0.5,0,0,0,0,0,0,0,0,0,0,0,0,0,0,0,0,8,0,0,0,0,0,0,0,0,0,0,8,0,0,0
4169,2,2,4,0.5,34.146961,-118.139839,0,0,0.5,0,0,0.5,0,0,0.5,0,0,0.5,0,0,0.5,0,0,0.5,0,0,0.5,0,0,0.5,0,0,0.5,0,0,0.5,0,0,0.5,0,0,0.5,0,0,0.5,0,0,0.5,0,0,0.5,0,0,0.5,0,0,0.5,2,2,0.5,0,0,0.5,0,0,0.5,0,0,0.5,0,0,0.5,0,0,0.5,0,0,0.5,0,0,0.5,0,0,0.5,0,0,0.5,2,2,0.5,0,0,0.5,0,0,0.5,0,0,0.5,0,0,0,0,0,0,0,0,0,0,0,0,0,0,0,0,0,4,0,0,0,0,0,0,0,0,0,4,0,0,0
4170,1,1,2,0.5,34.160709000000004,-118.132401,0,0,0.5,0,0,0.5,0,0,0.5,0,0,0.5,0,0,0.5,0,0,0.5,0,0,0.5,0,0,0.5,0,0,0.5,0,0,0.5,0,0,0.5,0,0,0.5,0,0,0.5,0,0,0.5,0,0,0.5,0,0,0.5,1,1,0.5,0,0,0.5,0,0,0.5,0,0,0.5,0,0,0.5,0,0,0.5,0,0,0.5,0,0,0.5,0,0,0.5,0,0,0.5,1,1,0.5,0,0,0.5,0,0,0.5,0,0,0.5,0,0,0.5,0,0,0,0,0,0,0,0,0,0,0,0,0,0,0,0,2,0,0,0,0,0,0,0,0,0,2,0,0,0,0
4176,3,3,6,0.5,34.137859000000006,-118.12241399999999,0,0,0.5,0,0,0.5,0,0,0.5,0,0,0.5,0,0,0.5,0,0,0.5,0,0,0.5,0,0,0.5,0,0,0.5,0,0,0.5,0,0,0.5,0,0,0.5,0,0,0.5,0,0,0.5,0,0,0.5,0,0,0.5,2,2,0.5,1,1,0.5,0,0,0.5,0,0,0.5,0,0,0.5,0,0,0.5,0,0,0.5,0,0,0.5,0,0,0.5,3,3,0.5,0,0,0.5,0,0,0.5,0,0,0.5,0,0,0.5,0,0,0.5,0,0,0,0,0,0,0,0,0,0,0,0,0,0,0,0,4,2,0,0,0,0,0,0,0,6,0,0,0,0,0
4177,4,4,8,0.5,34.144981,-118.13826,0,0,0.5,0,0,0.5,0,0,0.5,0,0,0.5,0,0,0.5,0,0,0.5,0,0,0.5,0,0,0.5,0,0,0.5,0,0,0.5,0,0,0.5,0,0,0.5,0,0,0.5,0,0,0.5,0,0,0.5,0,0,0.5,2,1,0.46153846153846156,2,3,0.5333333333333333,0,0,0.5,0,0,0.5,0,0,0.5,0,0,0.5,0,0,0.5,0,0,0.5,0,0,0.5,0,0,0.5,4,4,0.5,0,0,0.5,0,0,0.5,0,0,0.5,0,0,0.5,0,0,0,0,0,0,0,0,0,0,0,0,0,0,0,0,3,5,0,0,0,0,0,0,0,0,8,0,0,0,0
4181,2,2,4,0.5,34.146221000000004,-118.13526200000001,0,0,0.5,0,0,0.5,0,0,0.5,0,0,0.5,0,0,0.5,0,0,0.5,0,0,0.5,0,0,0.5,0,0,0.5,0,0,0.5,0,0,0.5,0,0,0.5,0,0,0.5,0,0,0.5,0,0,0.5,0,0,0.5,2,2,0.5,0,0,0.5,0,0,0.5,0,0,0.5,0,0,0.5,0,0,0.5,0,0,0.5,0,0,0.5,2,2,0.5,0,0,0.5,0,0,0.5,0,0,0.5,0,0,0.5,0,0,0.5,0,0,0.5,0,0,0,0,0,0,0,0,0,0,0,0,0,0,0,0,4,0,0,0,0,0,0,0,4,0,0,0,0,0,0
4183,1,0,1,0.45454545454545453,34.146069,-118.129181,0,0,0.5,0,0,0.5,0,0,0.5,0,0,0.5,0,0,0.5,0,0,0.5,0,0,0.5,0,0,0.5,0,0,0.5,0,0,0.5,0,0,0.5,0,0,0.5,0,0,0.5,0,0,0.5,0,0,0.5,0,0,0.5,0,0,0.5,1,0,0.45454545454545453,0,0,0.5,0,0,0.5,0,0,0.5,0,0,0.5,0,0,0.5,0,0,0.5,0,0,0.5,0,0,0.5,0,0,0.5,0,0,0.5,1,0,0.45454545454545453,0,0,0.5,0,0,0.5,0,0,0,0,0,0,0,0,0,0,0,0,0,0,0,0,0,1,0,0,0,0,0,0,0,0,0,0,1,0,0
